task_id,task_label,mean_effect,ci_low,ci_high,sesoi,objective_passed,risk_rate_effect,relative_cost_effect,joint_passed
reaction-to-crystallization,Crystallization,0.10247512127014488,0.08234279679748578,0.12269050206983775,0.038827,True,-0.13375,-0.07803970515423167,True
reaction-to-distillation,Distillation,0.04991769700674202,0.03412740131605119,0.0660788265382236,0.02,True,-0.08,-0.03427447954095566,True
flow-reaction-optimization,Flow reaction,0.01875156179069942,0.013144104403745738,0.023698277334006344,0.02,False,-0.17,-0.1508083486278742,False
partition-discovery,Partition,0.03657929347828034,0.02610462768329311,0.047188393136020766,0.0292,True,-0.11124999999999999,0.005027274542321141,True
