task_id,task_label,release_role,primary_metric,mean_paired_effect,ci_low,ci_high,holm_adjusted_p_value,surface_normalized_effect
equilibrium-characterization,Equilibrium,exploratory,equilibrium_confidence,0.0026331170462071925,-0.0015975508159026446,0.006767811518162484,0.2448377581120944,0.013176775960909085
electrochemical-conversion,Electrochemistry,exploratory,electrochemical_selectivity,0.00292474925518037,-0.0023202509395778043,0.008202293811365972,0.2916854157292135,0.015996739307965285
flow-reaction-optimization,Flow reaction,core_candidate,flow_conversion,0.03709758410493502,0.03310305897160081,0.04099083841754046,4.999750012499375e-05,0.3523059801550999
partition-discovery,Partition,core_confirmed,product_in_organic,0.05437661394476888,0.04712827106099573,0.06192772725503889,4.999750012499375e-05,0.09310959160102443
reaction-to-distillation,Distillation,core_confirmed,distillate_purity,0.11787736332919545,0.10970026271304414,0.125436182896509,4.999750012499375e-05,0.3330868660761471
reaction-to-crystallization,Crystallization,core_confirmed,crystal_yield,0.1502931452007033,0.13669975110725502,0.16315644851583058,4.999750012499375e-05,0.1935436315371861
