id,system,locus,goal,budget,arm,world,conforming,nominal,reference_target,retest,recovered,metric,mae,coverage,width,quality_pass,retest_purity
EC-W01-B12-discovery-E-Opaque,EC,E,discovery,12,Opaque,EC-W01,True,0.8,single_seeded_observation,0.7175865173339844,False,electrochemical_selectivity,0.09679311066865921,0.5833333333333334,0.3225,,
EC-W01-B12-discovery-E-Opaque,EC,E,discovery,12,Opaque,EC-W01,True,0.8,single_seeded_observation,0.7175865173339844,False,energy_efficiency,0.1617156228174766,0.5,0.33,,
EC-W01-B12-discovery-E-Opaque,EC,E,discovery,12,Opaque,EC-W01,True,0.8,single_seeded_observation,0.7175865173339844,False,faradaic_efficiency,0.13178301771481832,0.5833333333333334,0.305,,
EC-W01-B12-discovery-E-Opaque,EC,E,discovery,12,Opaque,EC-W01,True,0.8,single_seeded_observation,0.7175865173339844,False,score,0.08839383201052746,0.75,0.25,,
EC-W01-B12-discovery-E-Opaque,EC,E,discovery,12,Opaque,EC-W01,True,0.8,single_seeded_observation,0.7175865173339844,False,selective_product_yield,0.06920858753394957,0.8333333333333334,0.163,,
EC-W01-B12-discovery-E-Opaque,EC,E,discovery,12,Opaque,EC-W01,True,0.8,single_seeded_observation,0.7175865173339844,False,transport_efficiency,0.12721733351548511,0.5833333333333334,0.30916666666666665,,
EC-W01-B12-discovery-E-Aligned,EC,E,discovery,12,Aligned,EC-W01,True,0.8,single_seeded_observation,0.38065528869628906,True,electrochemical_selectivity,0.44255763401587805,0.5,0.1525,,
EC-W01-B12-discovery-E-Aligned,EC,E,discovery,12,Aligned,EC-W01,True,0.8,single_seeded_observation,0.38065528869628906,True,energy_efficiency,0.39689020541807013,0.25,0.12291666666666667,,
EC-W01-B12-discovery-E-Aligned,EC,E,discovery,12,Aligned,EC-W01,True,0.8,single_seeded_observation,0.38065528869628906,True,faradaic_efficiency,0.33883348832527793,0.4166666666666667,0.14708333333333334,,
EC-W01-B12-discovery-E-Aligned,EC,E,discovery,12,Aligned,EC-W01,True,0.8,single_seeded_observation,0.38065528869628906,True,score,0.26198136849949755,0.5,0.12083333333333333,,
EC-W01-B12-discovery-E-Aligned,EC,E,discovery,12,Aligned,EC-W01,True,0.8,single_seeded_observation,0.38065528869628906,True,selective_product_yield,0.08978781657246872,0.5,0.07291666666666667,,
EC-W01-B12-discovery-E-Aligned,EC,E,discovery,12,Aligned,EC-W01,True,0.8,single_seeded_observation,0.38065528869628906,True,transport_efficiency,0.3434821591774622,0.4166666666666667,0.14125000000000001,,
EC-W01-B12-discovery-E-MisIndexed,EC,E,discovery,12,MisIndexed,EC-W01,True,0.8,single_seeded_observation,0.4652498960494995,True,electrochemical_selectivity,0.4317243006825447,0.5,0.15083333333333335,,
EC-W01-B12-discovery-E-MisIndexed,EC,E,discovery,12,MisIndexed,EC-W01,True,0.8,single_seeded_observation,0.4652498960494995,True,energy_efficiency,0.37376996159056824,0.4166666666666667,0.12833333333333333,,
EC-W01-B12-discovery-E-MisIndexed,EC,E,discovery,12,MisIndexed,EC-W01,True,0.8,single_seeded_observation,0.4652498960494995,True,faradaic_efficiency,0.3266414983669917,0.5,0.11083333333333334,,
EC-W01-B12-discovery-E-MisIndexed,EC,E,discovery,12,MisIndexed,EC-W01,True,0.8,single_seeded_observation,0.4652498960494995,True,score,0.2467211788520217,0.5,0.13041666666666665,,
EC-W01-B12-discovery-E-MisIndexed,EC,E,discovery,12,MisIndexed,EC-W01,True,0.8,single_seeded_observation,0.4652498960494995,True,selective_product_yield,0.08169529836174722,0.5833333333333334,0.042583333333333334,,
EC-W01-B12-discovery-E-MisIndexed,EC,E,discovery,12,MisIndexed,EC-W01,True,0.8,single_seeded_observation,0.4652498960494995,True,transport_efficiency,0.3089354195197423,0.5,0.1425,,
EC-W01-B12-optimization-E-Opaque,EC,E,optimization,12,Opaque,EC-W01,True,0.8,single_seeded_observation,0.7561219930648804,False,electrochemical_selectivity,0.323893401324749,0.5,0.505,,
EC-W01-B12-optimization-E-Opaque,EC,E,optimization,12,Opaque,EC-W01,True,0.8,single_seeded_observation,0.7561219930648804,False,energy_efficiency,0.33182456341882544,0.4166666666666667,0.3641666666666667,,
EC-W01-B12-optimization-E-Opaque,EC,E,optimization,12,Opaque,EC-W01,True,0.8,single_seeded_observation,0.7561219930648804,False,faradaic_efficiency,0.27191133995850886,0.6666666666666666,0.44083333333333335,,
EC-W01-B12-optimization-E-Opaque,EC,E,optimization,12,Opaque,EC-W01,True,0.8,single_seeded_observation,0.7561219930648804,False,score,0.22939738071213167,0.4166666666666667,0.2783333333333333,,
EC-W01-B12-optimization-E-Opaque,EC,E,optimization,12,Opaque,EC-W01,True,0.8,single_seeded_observation,0.7561219930648804,False,selective_product_yield,0.07987859947777663,0.4166666666666667,0.08441666666666668,,
EC-W01-B12-optimization-E-Opaque,EC,E,optimization,12,Opaque,EC-W01,True,0.8,single_seeded_observation,0.7561219930648804,False,transport_efficiency,0.2762914635737737,0.6666666666666666,0.4366666666666667,,
EC-W01-B12-optimization-E-Aligned,EC,E,optimization,12,Aligned,EC-W01,True,0.8,single_seeded_observation,0.736198365688324,False,electrochemical_selectivity,0.08354749192794163,0.8333333333333334,0.26999999999999996,,
EC-W01-B12-optimization-E-Aligned,EC,E,optimization,12,Aligned,EC-W01,True,0.8,single_seeded_observation,0.736198365688324,False,energy_efficiency,0.13742813957234223,0.5,0.2608333333333333,,
EC-W01-B12-optimization-E-Aligned,EC,E,optimization,12,Aligned,EC-W01,True,0.8,single_seeded_observation,0.736198365688324,False,faradaic_efficiency,0.10592772940794627,0.75,0.27666666666666667,,
EC-W01-B12-optimization-E-Aligned,EC,E,optimization,12,Aligned,EC-W01,True,0.8,single_seeded_observation,0.736198365688324,False,score,0.05723217924684287,0.9166666666666666,0.244,,
EC-W01-B12-optimization-E-Aligned,EC,E,optimization,12,Aligned,EC-W01,True,0.8,single_seeded_observation,0.736198365688324,False,selective_product_yield,0.047315318154015885,0.75,0.12775,,
EC-W01-B12-optimization-E-Aligned,EC,E,optimization,12,Aligned,EC-W01,True,0.8,single_seeded_observation,0.736198365688324,False,transport_efficiency,0.0825780572493871,0.8333333333333334,0.2758333333333333,,
EC-W01-B12-optimization-E-MisIndexed,EC,E,optimization,12,MisIndexed,EC-W01,True,0.8,single_seeded_observation,0.7674800753593445,False,electrochemical_selectivity,0.30745875408252077,0.9166666666666666,0.48833333333333334,,
EC-W01-B12-optimization-E-MisIndexed,EC,E,optimization,12,MisIndexed,EC-W01,True,0.8,single_seeded_observation,0.7674800753593445,False,energy_efficiency,0.2229041261722644,0.9166666666666666,0.37916666666666665,,
EC-W01-B12-optimization-E-MisIndexed,EC,E,optimization,12,MisIndexed,EC-W01,True,0.8,single_seeded_observation,0.7674800753593445,False,faradaic_efficiency,0.22774607529242832,0.75,0.39291666666666664,,
EC-W01-B12-optimization-E-MisIndexed,EC,E,optimization,12,MisIndexed,EC-W01,True,0.8,single_seeded_observation,0.7674800753593445,False,score,0.16618489042669535,0.6666666666666666,0.2891666666666666,,
EC-W01-B12-optimization-E-MisIndexed,EC,E,optimization,12,MisIndexed,EC-W01,True,0.8,single_seeded_observation,0.7674800753593445,False,selective_product_yield,0.06887534484469021,0.8333333333333334,0.19233333333333333,,
EC-W01-B12-optimization-E-MisIndexed,EC,E,optimization,12,MisIndexed,EC-W01,True,0.8,single_seeded_observation,0.7674800753593445,False,transport_efficiency,0.19674481809139252,0.9166666666666666,0.525,,
PA-W01-B12-discovery-E-Opaque,PA,E,discovery,12,Opaque,PA-W01,True,0.9,noiseless_pre_sampling,,False,product_in_aqueous,0.04834349755181425,1.0,0.16833333333333333,,
PA-W01-B12-discovery-E-Opaque,PA,E,discovery,12,Opaque,PA-W01,True,0.9,noiseless_pre_sampling,,False,product_in_organic,0.048343497551814246,1.0,0.1683333333333333,,
PA-W01-B12-discovery-E-Aligned,PA,E,discovery,12,Aligned,PA-W01,True,0.9,noiseless_pre_sampling,,False,product_in_aqueous,0.06699432466803483,0.75,0.2383333333333333,,
PA-W01-B12-discovery-E-Aligned,PA,E,discovery,12,Aligned,PA-W01,True,0.9,noiseless_pre_sampling,,False,product_in_organic,0.06699432466803483,0.75,0.2383333333333333,,
PA-W01-B12-discovery-E-MisIndexed,PA,E,discovery,12,MisIndexed,PA-W01,True,0.9,noiseless_pre_sampling,,False,product_in_aqueous,0.05242683088514758,1.0,0.17416666666666666,,
PA-W01-B12-discovery-E-MisIndexed,PA,E,discovery,12,MisIndexed,PA-W01,True,0.9,noiseless_pre_sampling,,False,product_in_organic,0.05242683088514758,1.0,0.17416666666666666,,
EC-W01-B24-discovery-E-Opaque,EC,E,discovery,24,Opaque,EC-W01,True,0.8,single_seeded_observation,0.5982171297073364,True,electrochemical_selectivity,0.15959487229585648,0.8333333333333334,0.26916666666666667,,
EC-W01-B24-discovery-E-Opaque,EC,E,discovery,24,Opaque,EC-W01,True,0.8,single_seeded_observation,0.5982171297073364,True,energy_efficiency,0.05457442852358022,0.9166666666666666,0.2983333333333333,,
EC-W01-B24-discovery-E-Opaque,EC,E,discovery,24,Opaque,EC-W01,True,0.8,single_seeded_observation,0.5982171297073364,True,faradaic_efficiency,0.06177828689416249,0.8333333333333334,0.2925,,
EC-W01-B24-discovery-E-Opaque,EC,E,discovery,24,Opaque,EC-W01,True,0.8,single_seeded_observation,0.5982171297073364,True,score,0.07073584771404663,0.8333333333333334,0.20458333333333334,,
EC-W01-B24-discovery-E-Opaque,EC,E,discovery,24,Opaque,EC-W01,True,0.8,single_seeded_observation,0.5982171297073364,True,selective_product_yield,0.0644342457371143,0.3333333333333333,0.05983333333333333,,
EC-W01-B24-discovery-E-Opaque,EC,E,discovery,24,Opaque,EC-W01,True,0.8,single_seeded_observation,0.5982171297073364,True,transport_efficiency,0.056451654235521946,0.8333333333333334,0.31416666666666665,,
EC-W01-B24-discovery-E-Aligned,EC,E,discovery,24,Aligned,EC-W01,True,0.8,single_seeded_observation,0.4883013665676117,False,electrochemical_selectivity,0.026261538962523156,1.0,0.22749999999999995,,
EC-W01-B24-discovery-E-Aligned,EC,E,discovery,24,Aligned,EC-W01,True,0.8,single_seeded_observation,0.4883013665676117,False,energy_efficiency,0.19565905643006165,0.5,0.205,,
EC-W01-B24-discovery-E-Aligned,EC,E,discovery,24,Aligned,EC-W01,True,0.8,single_seeded_observation,0.4883013665676117,False,faradaic_efficiency,0.16723084886868797,0.5,0.16416666666666666,,
EC-W01-B24-discovery-E-Aligned,EC,E,discovery,24,Aligned,EC-W01,True,0.8,single_seeded_observation,0.4883013665676117,False,score,0.2324548725709319,0.5,0.18358333333333335,,
EC-W01-B24-discovery-E-Aligned,EC,E,discovery,24,Aligned,EC-W01,True,0.8,single_seeded_observation,0.4883013665676117,False,selective_product_yield,0.08322380384601032,0.5833333333333334,0.042333333333333334,,
EC-W01-B24-discovery-E-Aligned,EC,E,discovery,24,Aligned,EC-W01,True,0.8,single_seeded_observation,0.4883013665676117,False,transport_efficiency,0.1601488258441289,0.4166666666666667,0.18416666666666667,,
EC-W01-B24-discovery-E-MisIndexed,EC,E,discovery,24,MisIndexed,EC-W01,True,0.8,single_seeded_observation,0.5339117646217346,False,electrochemical_selectivity,0.04514886794487636,0.8333333333333334,0.2225,,
EC-W01-B24-discovery-E-MisIndexed,EC,E,discovery,24,MisIndexed,EC-W01,True,0.8,single_seeded_observation,0.5339117646217346,False,energy_efficiency,0.06328312416374683,0.9166666666666666,0.26416666666666666,,
EC-W01-B24-discovery-E-MisIndexed,EC,E,discovery,24,MisIndexed,EC-W01,True,0.8,single_seeded_observation,0.5339117646217346,False,faradaic_efficiency,0.07772856891155244,0.75,0.21083333333333332,,
EC-W01-B24-discovery-E-MisIndexed,EC,E,discovery,24,MisIndexed,EC-W01,True,0.8,single_seeded_observation,0.5339117646217346,False,score,0.03676262196153402,1.0,0.16666666666666666,,
EC-W01-B24-discovery-E-MisIndexed,EC,E,discovery,24,MisIndexed,EC-W01,True,0.8,single_seeded_observation,0.5339117646217346,False,selective_product_yield,0.020852998784898467,1.0,0.09183333333333334,,
EC-W01-B24-discovery-E-MisIndexed,EC,E,discovery,24,MisIndexed,EC-W01,True,0.8,single_seeded_observation,0.5339117646217346,False,transport_efficiency,0.08594994509220122,0.6666666666666666,0.22583333333333333,,
EC-W01-B24-optimization-E-Opaque,EC,E,optimization,24,Opaque,EC-W01,True,0.8,single_seeded_observation,0.843414843082428,False,electrochemical_selectivity,0.10672127296527227,0.9166666666666666,0.32,,
EC-W01-B24-optimization-E-Opaque,EC,E,optimization,24,Opaque,EC-W01,True,0.8,single_seeded_observation,0.843414843082428,False,energy_efficiency,0.27534117055435975,0.08333333333333333,0.24666666666666667,,
EC-W01-B24-optimization-E-Opaque,EC,E,optimization,24,Opaque,EC-W01,True,0.8,single_seeded_observation,0.843414843082428,False,faradaic_efficiency,0.1835780066251755,0.5,0.25333333333333335,,
EC-W01-B24-optimization-E-Opaque,EC,E,optimization,24,Opaque,EC-W01,True,0.8,single_seeded_observation,0.843414843082428,False,score,0.12331343190123635,0.75,0.21,,
EC-W01-B24-optimization-E-Opaque,EC,E,optimization,24,Opaque,EC-W01,True,0.8,single_seeded_observation,0.843414843082428,False,selective_product_yield,0.07399219049187376,0.5833333333333334,0.09816666666666668,,
EC-W01-B24-optimization-E-Opaque,EC,E,optimization,24,Opaque,EC-W01,True,0.8,single_seeded_observation,0.843414843082428,False,transport_efficiency,0.16545813024044037,0.6666666666666666,0.30583333333333335,,
EC-W01-B24-optimization-E-Aligned,EC,E,optimization,24,Aligned,EC-W01,True,0.8,single_seeded_observation,0.7791032195091248,False,electrochemical_selectivity,0.377361669242382,0.4166666666666667,0.13083333333333333,,
EC-W01-B24-optimization-E-Aligned,EC,E,optimization,24,Aligned,EC-W01,True,0.8,single_seeded_observation,0.7791032195091248,False,energy_efficiency,0.18326349906623363,0.3333333333333333,0.11583333333333333,,
EC-W01-B24-optimization-E-Aligned,EC,E,optimization,24,Aligned,EC-W01,True,0.8,single_seeded_observation,0.7791032195091248,False,faradaic_efficiency,0.19571698228518167,0.4166666666666667,0.12666666666666665,,
EC-W01-B24-optimization-E-Aligned,EC,E,optimization,24,Aligned,EC-W01,True,0.8,single_seeded_observation,0.7791032195091248,False,score,0.17916506671657165,0.4166666666666667,0.09833333333333333,,
EC-W01-B24-optimization-E-Aligned,EC,E,optimization,24,Aligned,EC-W01,True,0.8,single_seeded_observation,0.7791032195091248,False,selective_product_yield,0.056951194576453416,0.5,0.05266666666666667,,
EC-W01-B24-optimization-E-Aligned,EC,E,optimization,24,Aligned,EC-W01,True,0.8,single_seeded_observation,0.7791032195091248,False,transport_efficiency,0.1649457718928655,0.5,0.21166666666666667,,
EC-W01-B24-optimization-E-MisIndexed,EC,E,optimization,24,MisIndexed,EC-W01,True,0.8,single_seeded_observation,0.5471641421318054,False,electrochemical_selectivity,0.1681693517168363,0.8333333333333334,0.4275,,
EC-W01-B24-optimization-E-MisIndexed,EC,E,optimization,24,MisIndexed,EC-W01,True,0.8,single_seeded_observation,0.5471641421318054,False,energy_efficiency,0.2686745038876931,0.5833333333333334,0.3358333333333334,,
EC-W01-B24-optimization-E-MisIndexed,EC,E,optimization,24,MisIndexed,EC-W01,True,0.8,single_seeded_observation,0.5471641421318054,False,faradaic_efficiency,0.22334733148415883,0.6666666666666666,0.36083333333333334,,
EC-W01-B24-optimization-E-MisIndexed,EC,E,optimization,24,MisIndexed,EC-W01,True,0.8,single_seeded_observation,0.5471641421318054,False,score,0.19198738626390696,0.5833333333333334,0.25,,
EC-W01-B24-optimization-E-MisIndexed,EC,E,optimization,24,MisIndexed,EC-W01,True,0.8,single_seeded_observation,0.5471641421318054,False,selective_product_yield,0.09129928464619443,0.25,0.03725,,
EC-W01-B24-optimization-E-MisIndexed,EC,E,optimization,24,MisIndexed,EC-W01,True,0.8,single_seeded_observation,0.5471641421318054,False,transport_efficiency,0.23744342148303985,0.6666666666666666,0.36166666666666664,,
PA-W01-B24-discovery-E-Opaque,PA,E,discovery,24,Opaque,PA-W01,True,0.9,noiseless_pre_sampling,,False,product_in_aqueous,0.012937441460372387,1.0,0.18166666666666667,,
PA-W01-B24-discovery-E-Opaque,PA,E,discovery,24,Opaque,PA-W01,True,0.9,noiseless_pre_sampling,,False,product_in_organic,0.01293744146037244,1.0,0.18166666666666667,,
PA-W01-B24-discovery-E-Aligned,PA,E,discovery,24,Aligned,PA-W01,True,0.9,noiseless_pre_sampling,,False,product_in_aqueous,0.006826757964978475,1.0,0.14166666666666666,,
PA-W01-B24-discovery-E-Aligned,PA,E,discovery,24,Aligned,PA-W01,True,0.9,noiseless_pre_sampling,,False,product_in_organic,0.0068267579649785096,1.0,0.14166666666666666,,
PA-W01-B24-discovery-E-MisIndexed,PA,E,discovery,24,MisIndexed,PA-W01,True,0.9,noiseless_pre_sampling,,False,product_in_aqueous,0.02167683088514759,1.0,0.21833333333333335,,
PA-W01-B24-discovery-E-MisIndexed,PA,E,discovery,24,MisIndexed,PA-W01,True,0.9,noiseless_pre_sampling,,False,product_in_organic,0.021676830885147592,1.0,0.21833333333333335,,
EC-W02-B12-discovery-E-Aligned,EC,E,discovery,12,Aligned,EC-W02,True,0.8,single_seeded_observation,0.6792963147163391,False,electrochemical_selectivity,0.0649189430475235,0.8333333333333334,0.2308333333333333,,
EC-W02-B12-discovery-E-Aligned,EC,E,discovery,12,Aligned,EC-W02,True,0.8,single_seeded_observation,0.6792963147163391,False,energy_efficiency,0.09283308496077856,0.8333333333333334,0.2233333333333333,,
EC-W02-B12-discovery-E-Aligned,EC,E,discovery,12,Aligned,EC-W02,True,0.8,single_seeded_observation,0.6792963147163391,False,faradaic_efficiency,0.0693397232890129,0.75,0.23916666666666667,,
EC-W02-B12-discovery-E-Aligned,EC,E,discovery,12,Aligned,EC-W02,True,0.8,single_seeded_observation,0.6792963147163391,False,score,0.0717608553516368,0.8333333333333334,0.2316666666666667,,
EC-W02-B12-discovery-E-Aligned,EC,E,discovery,12,Aligned,EC-W02,True,0.8,single_seeded_observation,0.6792963147163391,False,selective_product_yield,0.06201725113477247,0.4166666666666667,0.07558333333333334,,
EC-W02-B12-discovery-E-Aligned,EC,E,discovery,12,Aligned,EC-W02,True,0.8,single_seeded_observation,0.6792963147163391,False,transport_efficiency,0.0477083424727122,1.0,0.2675,,
EC-W02-B12-discovery-E-MisIndexed,EC,E,discovery,12,MisIndexed,EC-W02,True,0.8,single_seeded_observation,0.635675311088562,False,electrochemical_selectivity,0.04648480157057444,1.0,0.2683333333333333,,
EC-W02-B12-discovery-E-MisIndexed,EC,E,discovery,12,MisIndexed,EC-W02,True,0.8,single_seeded_observation,0.635675311088562,False,energy_efficiency,0.10844654868046442,0.6666666666666666,0.2725,,
EC-W02-B12-discovery-E-MisIndexed,EC,E,discovery,12,MisIndexed,EC-W02,True,0.8,single_seeded_observation,0.635675311088562,False,faradaic_efficiency,0.077352567811807,0.9166666666666666,0.29,,
EC-W02-B12-discovery-E-MisIndexed,EC,E,discovery,12,MisIndexed,EC-W02,True,0.8,single_seeded_observation,0.635675311088562,False,score,0.12580642761662603,0.75,0.24250000000000002,,
EC-W02-B12-discovery-E-MisIndexed,EC,E,discovery,12,MisIndexed,EC-W02,True,0.8,single_seeded_observation,0.635675311088562,False,selective_product_yield,0.05043391780143914,0.5833333333333334,0.08483333333333333,,
EC-W02-B12-discovery-E-MisIndexed,EC,E,discovery,12,MisIndexed,EC-W02,True,0.8,single_seeded_observation,0.635675311088562,False,transport_efficiency,0.06898394117752711,1.0,0.3125,,
EC-W02-B12-discovery-E-Opaque,EC,E,discovery,12,Opaque,EC-W02,True,0.8,single_seeded_observation,0.4202079772949219,False,electrochemical_selectivity,0.42199350853761036,0.5,0.12666666666666668,,
EC-W02-B12-discovery-E-Opaque,EC,E,discovery,12,Opaque,EC-W02,True,0.8,single_seeded_observation,0.4202079772949219,False,energy_efficiency,0.4130002483725548,0.25,0.15583333333333332,,
EC-W02-B12-discovery-E-Opaque,EC,E,discovery,12,Opaque,EC-W02,True,0.8,single_seeded_observation,0.4202079772949219,False,faradaic_efficiency,0.34478481799364086,0.5,0.1525,,
EC-W02-B12-discovery-E-Opaque,EC,E,discovery,12,Opaque,EC-W02,True,0.8,single_seeded_observation,0.4202079772949219,False,score,0.2737989967850347,0.4166666666666667,0.13291666666666666,,
EC-W02-B12-discovery-E-Opaque,EC,E,discovery,12,Opaque,EC-W02,True,0.8,single_seeded_observation,0.4202079772949219,False,selective_product_yield,0.0909212323286726,0.5,0.052083333333333336,,
EC-W02-B12-discovery-E-Opaque,EC,E,discovery,12,Opaque,EC-W02,True,0.8,single_seeded_observation,0.4202079772949219,False,transport_efficiency,0.348249532143275,0.5,0.14916666666666667,,
EC-W02-B12-optimization-E-Aligned,EC,E,optimization,12,Aligned,EC-W02,True,0.8,single_seeded_observation,0.8065196871757507,False,electrochemical_selectivity,0.04807832777500153,1.0,0.2841666666666666,,
EC-W02-B12-optimization-E-Aligned,EC,E,optimization,12,Aligned,EC-W02,True,0.8,single_seeded_observation,0.8065196871757507,False,energy_efficiency,0.1685622414946556,0.4166666666666667,0.305,,
EC-W02-B12-optimization-E-Aligned,EC,E,optimization,12,Aligned,EC-W02,True,0.8,single_seeded_observation,0.8065196871757507,False,faradaic_efficiency,0.17939218054215111,0.4166666666666667,0.32083333333333336,,
EC-W02-B12-optimization-E-Aligned,EC,E,optimization,12,Aligned,EC-W02,True,0.8,single_seeded_observation,0.8065196871757507,False,score,0.074115731138736,0.8333333333333334,0.205,,
EC-W02-B12-optimization-E-Aligned,EC,E,optimization,12,Aligned,EC-W02,True,0.8,single_seeded_observation,0.8065196871757507,False,selective_product_yield,0.04371205207294163,0.75,0.09758333333333334,,
EC-W02-B12-optimization-E-Aligned,EC,E,optimization,12,Aligned,EC-W02,True,0.8,single_seeded_observation,0.8065196871757507,False,transport_efficiency,0.19975591470797857,0.5,0.33666666666666667,,
EC-W02-B12-optimization-E-MisIndexed,EC,E,optimization,12,MisIndexed,EC-W02,True,0.8,single_seeded_observation,0.6792963147163391,False,electrochemical_selectivity,0.11028052151203156,0.9166666666666666,0.3433333333333333,,
EC-W02-B12-optimization-E-MisIndexed,EC,E,optimization,12,MisIndexed,EC-W02,True,0.8,single_seeded_observation,0.6792963147163391,False,energy_efficiency,0.08655261745055515,0.9166666666666666,0.30583333333333335,,
EC-W02-B12-optimization-E-MisIndexed,EC,E,optimization,12,MisIndexed,EC-W02,True,0.8,single_seeded_observation,0.6792963147163391,False,faradaic_efficiency,0.07323085159063339,0.9166666666666666,0.33249999999999996,,
EC-W02-B12-optimization-E-MisIndexed,EC,E,optimization,12,MisIndexed,EC-W02,True,0.8,single_seeded_observation,0.6792963147163391,False,score,0.13888650526478888,0.5,0.23916666666666667,,
EC-W02-B12-optimization-E-MisIndexed,EC,E,optimization,12,MisIndexed,EC-W02,True,0.8,single_seeded_observation,0.6792963147163391,False,selective_product_yield,0.0655128200261388,0.3333333333333333,0.07033333333333333,,
EC-W02-B12-optimization-E-MisIndexed,EC,E,optimization,12,MisIndexed,EC-W02,True,0.8,single_seeded_observation,0.6792963147163391,False,transport_efficiency,0.044064182440439865,1.0,0.3458333333333334,,
EC-W02-B12-optimization-E-Opaque,EC,E,optimization,12,Opaque,EC-W02,True,0.8,single_seeded_observation,0.6792963147163391,False,electrochemical_selectivity,0.043376074830691023,0.9166666666666666,0.3475,,
EC-W02-B12-optimization-E-Opaque,EC,E,optimization,12,Opaque,EC-W02,True,0.8,single_seeded_observation,0.6792963147163391,False,energy_efficiency,0.10238639901081721,0.6666666666666666,0.32166666666666666,,
EC-W02-B12-optimization-E-Opaque,EC,E,optimization,12,Opaque,EC-W02,True,0.8,single_seeded_observation,0.6792963147163391,False,faradaic_efficiency,0.09906418492396672,0.75,0.31916666666666665,,
EC-W02-B12-optimization-E-Opaque,EC,E,optimization,12,Opaque,EC-W02,True,0.8,single_seeded_observation,0.6792963147163391,False,score,0.047836743810524544,1.0,0.25583333333333336,,
EC-W02-B12-optimization-E-Opaque,EC,E,optimization,12,Opaque,EC-W02,True,0.8,single_seeded_observation,0.6792963147163391,False,selective_product_yield,0.04517123232867259,0.5833333333333334,0.08175,,
EC-W02-B12-optimization-E-Opaque,EC,E,optimization,12,Opaque,EC-W02,True,0.8,single_seeded_observation,0.6792963147163391,False,transport_efficiency,0.08156418244043985,0.9166666666666666,0.33916666666666667,,
PA-W02-B12-discovery-E-Aligned,PA,E,discovery,12,Aligned,PA-W02,True,0.9,noiseless_pre_sampling,,False,product_in_aqueous,0.03332237420134578,1.0,0.21,,
PA-W02-B12-discovery-E-Aligned,PA,E,discovery,12,Aligned,PA-W02,True,0.9,noiseless_pre_sampling,,False,product_in_organic,0.03332237420134577,1.0,0.20999999999999996,,
PA-W02-B12-discovery-E-MisIndexed,PA,E,discovery,12,MisIndexed,PA-W02,True,0.9,noiseless_pre_sampling,,False,product_in_aqueous,0.130225107353203,0.5,0.26,,
PA-W02-B12-discovery-E-MisIndexed,PA,E,discovery,12,MisIndexed,PA-W02,True,0.9,noiseless_pre_sampling,,False,product_in_organic,0.130225107353203,0.5,0.26,,
PA-W02-B12-discovery-E-Opaque,PA,E,discovery,12,Opaque,PA-W02,True,0.9,noiseless_pre_sampling,,False,product_in_aqueous,0.109975107353203,0.75,0.3625,,
PA-W02-B12-discovery-E-Opaque,PA,E,discovery,12,Opaque,PA-W02,True,0.9,noiseless_pre_sampling,,False,product_in_organic,0.10997510735320298,0.75,0.3625,,
EC-W02-B24-discovery-E-Aligned,EC,E,discovery,24,Aligned,EC-W02,True,0.8,single_seeded_observation,0.6150152683258057,False,electrochemical_selectivity,0.02053285062313079,1.0,0.19833333333333333,,
EC-W02-B24-discovery-E-Aligned,EC,E,discovery,24,Aligned,EC-W02,True,0.8,single_seeded_observation,0.6150152683258057,False,energy_efficiency,0.04725400994221369,0.9166666666666666,0.2416666666666667,,
EC-W02-B24-discovery-E-Aligned,EC,E,discovery,24,Aligned,EC-W02,True,0.8,single_seeded_observation,0.6150152683258057,False,faradaic_efficiency,0.036595905323823306,1.0,0.23083333333333333,,
EC-W02-B24-discovery-E-Aligned,EC,E,discovery,24,Aligned,EC-W02,True,0.8,single_seeded_observation,0.6150152683258057,False,score,0.04860931696370244,0.9166666666666666,0.20333333333333334,,
EC-W02-B24-discovery-E-Aligned,EC,E,discovery,24,Aligned,EC-W02,True,0.8,single_seeded_observation,0.6150152683258057,False,selective_product_yield,0.030600584468105808,0.9166666666666666,0.10633333333333334,,
EC-W02-B24-discovery-E-Aligned,EC,E,discovery,24,Aligned,EC-W02,True,0.8,single_seeded_observation,0.6150152683258057,False,transport_efficiency,0.037210944692293815,1.0,0.2525,,
EC-W02-B24-discovery-E-MisIndexed,EC,E,discovery,24,MisIndexed,EC-W02,True,0.8,single_seeded_observation,0.566382110118866,False,electrochemical_selectivity,0.04231258014837901,0.9166666666666666,0.21333333333333335,,
EC-W02-B24-discovery-E-MisIndexed,EC,E,discovery,24,MisIndexed,EC-W02,True,0.8,single_seeded_observation,0.566382110118866,False,energy_efficiency,0.07890673647324244,0.8333333333333334,0.26416666666666666,,
EC-W02-B24-discovery-E-MisIndexed,EC,E,discovery,24,MisIndexed,EC-W02,True,0.8,single_seeded_observation,0.566382110118866,False,faradaic_efficiency,0.09192927310864131,0.8333333333333334,0.25666666666666665,,
EC-W02-B24-discovery-E-MisIndexed,EC,E,discovery,24,MisIndexed,EC-W02,True,0.8,single_seeded_observation,0.566382110118866,False,score,0.06306643317018946,0.75,0.23750000000000002,,
EC-W02-B24-discovery-E-MisIndexed,EC,E,discovery,24,MisIndexed,EC-W02,True,0.8,single_seeded_observation,0.566382110118866,False,selective_product_yield,0.030866073907275374,0.9166666666666666,0.12583333333333332,,
EC-W02-B24-discovery-E-MisIndexed,EC,E,discovery,24,MisIndexed,EC-W02,True,0.8,single_seeded_observation,0.566382110118866,False,transport_efficiency,0.08073220560948054,0.8333333333333334,0.26499999999999996,,
EC-W02-B24-discovery-E-Opaque,EC,E,discovery,24,Opaque,EC-W02,True,0.8,single_seeded_observation,0.5982597470283508,False,electrochemical_selectivity,0.22485070208708444,0.5833333333333334,0.4058333333333333,,
EC-W02-B24-discovery-E-Opaque,EC,E,discovery,24,Opaque,EC-W02,True,0.8,single_seeded_observation,0.5982597470283508,False,energy_efficiency,0.14604408671458563,0.75,0.4183333333333334,,
EC-W02-B24-discovery-E-Opaque,EC,E,discovery,24,Opaque,EC-W02,True,0.8,single_seeded_observation,0.5982597470283508,False,faradaic_efficiency,0.21667361189921697,0.5833333333333334,0.3541666666666667,,
EC-W02-B24-discovery-E-Opaque,EC,E,discovery,24,Opaque,EC-W02,True,0.8,single_seeded_observation,0.5982597470283508,False,score,0.13658966821307936,0.5,0.2866666666666667,,
EC-W02-B24-discovery-E-Opaque,EC,E,discovery,24,Opaque,EC-W02,True,0.8,single_seeded_observation,0.5982597470283508,False,selective_product_yield,0.07088382049486973,0.6666666666666666,0.11375,,
EC-W02-B24-discovery-E-Opaque,EC,E,discovery,24,Opaque,EC-W02,True,0.8,single_seeded_observation,0.5982597470283508,False,transport_efficiency,0.2316030302643776,0.5833333333333334,0.3516666666666666,,
EC-W02-B24-optimization-E-Aligned,EC,E,optimization,24,Aligned,EC-W02,True,0.8,single_seeded_observation,0.8254621028900146,True,electrochemical_selectivity,0.04145170311133065,1.0,0.23666666666666666,,
EC-W02-B24-optimization-E-Aligned,EC,E,optimization,24,Aligned,EC-W02,True,0.8,single_seeded_observation,0.8254621028900146,True,energy_efficiency,0.039299830496311174,1.0,0.26333333333333336,,
EC-W02-B24-optimization-E-Aligned,EC,E,optimization,24,Aligned,EC-W02,True,0.8,single_seeded_observation,0.8254621028900146,True,faradaic_efficiency,0.06029349038998286,1.0,0.2741666666666666,,
EC-W02-B24-optimization-E-Aligned,EC,E,optimization,24,Aligned,EC-W02,True,0.8,single_seeded_observation,0.8254621028900146,True,score,0.03750715988998612,1.0,0.22916666666666666,,
EC-W02-B24-optimization-E-Aligned,EC,E,optimization,24,Aligned,EC-W02,True,0.8,single_seeded_observation,0.8254621028900146,True,selective_product_yield,0.01874527017360864,0.75,0.06766666666666667,,
EC-W02-B24-optimization-E-Aligned,EC,E,optimization,24,Aligned,EC-W02,True,0.8,single_seeded_observation,0.8254621028900146,True,transport_efficiency,0.20596085776885353,0.5833333333333334,0.2283333333333333,,
EC-W02-B24-optimization-E-MisIndexed,EC,E,optimization,24,MisIndexed,EC-W02,True,0.8,single_seeded_observation,0.798238217830658,False,electrochemical_selectivity,0.020947739481925975,1.0,0.18500000000000003,,
EC-W02-B24-optimization-E-MisIndexed,EC,E,optimization,24,MisIndexed,EC-W02,True,0.8,single_seeded_observation,0.798238217830658,False,energy_efficiency,0.11237379342317581,0.8333333333333334,0.28625,,
EC-W02-B24-optimization-E-MisIndexed,EC,E,optimization,24,MisIndexed,EC-W02,True,0.8,single_seeded_observation,0.798238217830658,False,faradaic_efficiency,0.15501035481691358,0.5833333333333334,0.2833333333333333,,
EC-W02-B24-optimization-E-MisIndexed,EC,E,optimization,24,MisIndexed,EC-W02,True,0.8,single_seeded_observation,0.798238217830658,False,score,0.054602771221349634,0.8333333333333334,0.2333333333333333,,
EC-W02-B24-optimization-E-MisIndexed,EC,E,optimization,24,MisIndexed,EC-W02,True,0.8,single_seeded_observation,0.798238217830658,False,selective_product_yield,0.0324055056431486,1.0,0.13108333333333333,,
EC-W02-B24-optimization-E-MisIndexed,EC,E,optimization,24,MisIndexed,EC-W02,True,0.8,single_seeded_observation,0.798238217830658,False,transport_efficiency,0.1613132898012797,0.5833333333333334,0.2816666666666667,,
EC-W02-B24-optimization-E-Opaque,EC,E,optimization,24,Opaque,EC-W02,True,0.8,single_seeded_observation,0.8432242274284363,False,electrochemical_selectivity,0.025978504618008918,1.0,0.25166666666666665,,
EC-W02-B24-optimization-E-Opaque,EC,E,optimization,24,Opaque,EC-W02,True,0.8,single_seeded_observation,0.8432242274284363,False,energy_efficiency,0.09919789979855219,0.6666666666666666,0.24250000000000002,,
EC-W02-B24-optimization-E-Opaque,EC,E,optimization,24,Opaque,EC-W02,True,0.8,single_seeded_observation,0.8432242274284363,False,faradaic_efficiency,0.08221479862928391,0.9166666666666666,0.25833333333333336,,
EC-W02-B24-optimization-E-Opaque,EC,E,optimization,24,Opaque,EC-W02,True,0.8,single_seeded_observation,0.8432242274284363,False,score,0.05349056655044356,0.9166666666666666,0.18958333333333333,,
EC-W02-B24-optimization-E-Opaque,EC,E,optimization,24,Opaque,EC-W02,True,0.8,single_seeded_observation,0.8432242274284363,False,selective_product_yield,0.03479997829681573,0.8333333333333334,0.08858333333333333,,
EC-W02-B24-optimization-E-Opaque,EC,E,optimization,24,Opaque,EC-W02,True,0.8,single_seeded_observation,0.8432242274284363,False,transport_efficiency,0.07841186116139094,0.9166666666666666,0.2725,,
PA-W02-B24-discovery-E-Aligned,PA,E,discovery,24,Aligned,PA-W02,True,0.9,noiseless_pre_sampling,,False,product_in_aqueous,0.03490647927448911,1.0,0.23750000000000002,,
PA-W02-B24-discovery-E-Aligned,PA,E,discovery,24,Aligned,PA-W02,True,0.9,noiseless_pre_sampling,,False,product_in_organic,0.034906479274489095,1.0,0.23749999999999996,,
PA-W02-B24-discovery-E-MisIndexed,PA,E,discovery,24,MisIndexed,PA-W02,True,0.9,noiseless_pre_sampling,,False,product_in_aqueous,0.019260187392177563,1.0,0.22666666666666668,,
PA-W02-B24-discovery-E-MisIndexed,PA,E,discovery,24,MisIndexed,PA-W02,True,0.9,noiseless_pre_sampling,,False,product_in_organic,0.01926018739217759,1.0,0.22666666666666666,,
PA-W02-B24-discovery-E-Opaque,PA,E,discovery,24,Opaque,PA-W02,True,0.9,noiseless_pre_sampling,,False,product_in_aqueous,0.008884961899081048,1.0,0.22083333333333333,,
PA-W02-B24-discovery-E-Opaque,PA,E,discovery,24,Opaque,PA-W02,True,0.9,noiseless_pre_sampling,,False,product_in_organic,0.008884961899081034,1.0,0.22083333333333333,,
EC-W03-B12-discovery-E-MisIndexed,EC,E,discovery,12,MisIndexed,EC-W03,True,0.8,single_seeded_observation,0.7308886051177979,False,electrochemical_selectivity,0.06247155467669168,1.0,0.27083333333333337,,
EC-W03-B12-discovery-E-MisIndexed,EC,E,discovery,12,MisIndexed,EC-W03,True,0.8,single_seeded_observation,0.7308886051177979,False,energy_efficiency,0.13682933288315932,0.5833333333333334,0.32666666666666666,,
EC-W03-B12-discovery-E-MisIndexed,EC,E,discovery,12,MisIndexed,EC-W03,True,0.8,single_seeded_observation,0.7308886051177979,False,faradaic_efficiency,0.12772867699464163,0.6666666666666666,0.3283333333333333,,
EC-W03-B12-discovery-E-MisIndexed,EC,E,discovery,12,MisIndexed,EC-W03,True,0.8,single_seeded_observation,0.7308886051177979,False,score,0.06010564960228901,1.0,0.29250000000000004,,
EC-W03-B12-discovery-E-MisIndexed,EC,E,discovery,12,MisIndexed,EC-W03,True,0.8,single_seeded_observation,0.7308886051177979,False,selective_product_yield,0.04289714790702177,0.5833333333333334,0.08333333333333333,,
EC-W03-B12-discovery-E-MisIndexed,EC,E,discovery,12,MisIndexed,EC-W03,True,0.8,single_seeded_observation,0.7308886051177979,False,transport_efficiency,0.1469306319952011,0.6666666666666666,0.33749999999999997,,
EC-W03-B12-discovery-E-Opaque,EC,E,discovery,12,Opaque,EC-W03,True,0.8,single_seeded_observation,0.5270787477493286,False,electrochemical_selectivity,0.06849510788917539,0.6666666666666666,0.2658333333333333,,
EC-W03-B12-discovery-E-Opaque,EC,E,discovery,12,Opaque,EC-W03,True,0.8,single_seeded_observation,0.5270787477493286,False,energy_efficiency,0.13022094858189423,0.5,0.3,,
EC-W03-B12-discovery-E-Opaque,EC,E,discovery,12,Opaque,EC-W03,True,0.8,single_seeded_observation,0.5270787477493286,False,faradaic_efficiency,0.12638987839221952,0.6666666666666666,0.2916666666666667,,
EC-W03-B12-discovery-E-Opaque,EC,E,discovery,12,Opaque,EC-W03,True,0.8,single_seeded_observation,0.5270787477493286,False,score,0.06496707275696098,0.75,0.22166666666666668,,
EC-W03-B12-discovery-E-Opaque,EC,E,discovery,12,Opaque,EC-W03,True,0.8,single_seeded_observation,0.5270787477493286,False,selective_product_yield,0.028079218036883197,0.75,0.10258333333333335,,
EC-W03-B12-discovery-E-Opaque,EC,E,discovery,12,Opaque,EC-W03,True,0.8,single_seeded_observation,0.5270787477493286,False,transport_efficiency,0.11732867976029715,0.6666666666666666,0.29916666666666664,,
EC-W03-B12-discovery-E-Aligned,EC,E,discovery,12,Aligned,EC-W03,True,0.8,single_seeded_observation,0.3681490421295166,False,electrochemical_selectivity,0.39963788890838625,0.5,0.15875,,
EC-W03-B12-discovery-E-Aligned,EC,E,discovery,12,Aligned,EC-W03,True,0.8,single_seeded_observation,0.3681490421295166,False,energy_efficiency,0.37263764630258084,0.25,0.12333333333333334,,
EC-W03-B12-discovery-E-Aligned,EC,E,discovery,12,Aligned,EC-W03,True,0.8,single_seeded_observation,0.3681490421295166,False,faradaic_efficiency,0.33642359721660614,0.3333333333333333,0.13625,,
EC-W03-B12-discovery-E-Aligned,EC,E,discovery,12,Aligned,EC-W03,True,0.8,single_seeded_observation,0.3681490421295166,False,score,0.245367702992633,0.5,0.13666666666666666,,
EC-W03-B12-discovery-E-Aligned,EC,E,discovery,12,Aligned,EC-W03,True,0.8,single_seeded_observation,0.3681490421295166,False,selective_product_yield,0.07890044436176928,0.5,0.036083333333333335,,
EC-W03-B12-discovery-E-Aligned,EC,E,discovery,12,Aligned,EC-W03,True,0.8,single_seeded_observation,0.3681490421295166,False,transport_efficiency,0.3352520331144333,0.4166666666666667,0.13583333333333333,,
EC-W03-B12-optimization-E-MisIndexed,EC,E,optimization,12,MisIndexed,EC-W03,True,0.8,single_seeded_observation,0.5334989428520203,False,electrochemical_selectivity,0.12585627992947898,0.9166666666666666,0.4066666666666667,,
EC-W03-B12-optimization-E-MisIndexed,EC,E,optimization,12,MisIndexed,EC-W03,True,0.8,single_seeded_observation,0.5334989428520203,False,energy_efficiency,0.2036291010926167,0.4166666666666667,0.3416666666666666,,
EC-W03-B12-optimization-E-MisIndexed,EC,E,optimization,12,MisIndexed,EC-W03,True,0.8,single_seeded_observation,0.5334989428520203,False,faradaic_efficiency,0.20803864300251007,0.6666666666666666,0.33749999999999997,,
EC-W03-B12-optimization-E-MisIndexed,EC,E,optimization,12,MisIndexed,EC-W03,True,0.8,single_seeded_observation,0.5334989428520203,False,score,0.12288999842790266,0.8333333333333334,0.29833333333333334,,
EC-W03-B12-optimization-E-MisIndexed,EC,E,optimization,12,MisIndexed,EC-W03,True,0.8,single_seeded_observation,0.5334989428520203,False,selective_product_yield,0.06986638222332113,0.8333333333333334,0.12966666666666668,,
EC-W03-B12-optimization-E-MisIndexed,EC,E,optimization,12,MisIndexed,EC-W03,True,0.8,single_seeded_observation,0.5334989428520203,False,transport_efficiency,0.20385757942994434,0.5833333333333334,0.3466666666666667,,
EC-W03-B12-optimization-E-Opaque,EC,E,optimization,12,Opaque,EC-W03,True,0.8,single_seeded_observation,0.5903702974319458,False,electrochemical_selectivity,0.4007407495975494,0.5,0.17250000000000001,,
EC-W03-B12-optimization-E-Opaque,EC,E,optimization,12,Opaque,EC-W03,True,0.8,single_seeded_observation,0.5903702974319458,False,energy_efficiency,0.36000744953254854,0.25,0.16124999999999998,,
EC-W03-B12-optimization-E-Opaque,EC,E,optimization,12,Opaque,EC-W03,True,0.8,single_seeded_observation,0.5903702974319458,False,faradaic_efficiency,0.3405634383757909,0.25,0.15541666666666668,,
EC-W03-B12-optimization-E-Opaque,EC,E,optimization,12,Opaque,EC-W03,True,0.8,single_seeded_observation,0.5903702974319458,False,score,0.24565021166391673,0.5,0.10583333333333333,,
EC-W03-B12-optimization-E-Opaque,EC,E,optimization,12,Opaque,EC-W03,True,0.8,single_seeded_observation,0.5903702974319458,False,selective_product_yield,0.07899614469528508,0.5,0.03933333333333334,,
EC-W03-B12-optimization-E-Opaque,EC,E,optimization,12,Opaque,EC-W03,True,0.8,single_seeded_observation,0.5903702974319458,False,transport_efficiency,0.34007618510723114,0.3333333333333333,0.16458333333333333,,
EC-W03-B12-optimization-E-Aligned,EC,E,optimization,12,Aligned,EC-W03,True,0.8,single_seeded_observation,0.6136453151702881,False,electrochemical_selectivity,0.4103284412225087,0.5,0.17833333333333332,,
EC-W03-B12-optimization-E-Aligned,EC,E,optimization,12,Aligned,EC-W03,True,0.8,single_seeded_observation,0.6136453151702881,False,energy_efficiency,0.37138764630258086,0.3333333333333333,0.13833333333333334,,
EC-W03-B12-optimization-E-Aligned,EC,E,optimization,12,Aligned,EC-W03,True,0.8,single_seeded_observation,0.6136453151702881,False,faradaic_efficiency,0.3645902638832728,0.25,0.13875,,
EC-W03-B12-optimization-E-Aligned,EC,E,optimization,12,Aligned,EC-W03,True,0.8,single_seeded_observation,0.6136453151702881,False,score,0.24599264604660373,0.4166666666666667,0.10833333333333334,,
EC-W03-B12-optimization-E-Aligned,EC,E,optimization,12,Aligned,EC-W03,True,0.8,single_seeded_observation,0.6136453151702881,False,selective_product_yield,0.07857806827942841,0.4166666666666667,0.036833333333333336,,
EC-W03-B12-optimization-E-Aligned,EC,E,optimization,12,Aligned,EC-W03,True,0.8,single_seeded_observation,0.6136453151702881,False,transport_efficiency,0.38158536644776664,0.16666666666666666,0.12833333333333333,,
PA-W03-B12-discovery-E-MisIndexed,PA,E,discovery,12,MisIndexed,PA-W03,True,0.9,noiseless_pre_sampling,,True,product_in_aqueous,0.09589664412726111,0.75,0.24916666666666668,,
PA-W03-B12-discovery-E-MisIndexed,PA,E,discovery,12,MisIndexed,PA-W03,True,0.9,noiseless_pre_sampling,,True,product_in_organic,0.09589664412726108,0.75,0.24916666666666665,,
PA-W03-B12-discovery-E-Opaque,PA,E,discovery,12,Opaque,PA-W03,True,0.9,noiseless_pre_sampling,,True,product_in_aqueous,0.09831843746337726,0.6666666666666666,0.30083333333333334,,
PA-W03-B12-discovery-E-Opaque,PA,E,discovery,12,Opaque,PA-W03,True,0.9,noiseless_pre_sampling,,True,product_in_organic,0.09831843746337725,0.6666666666666666,0.30083333333333334,,
PA-W03-B12-discovery-E-Aligned,PA,E,discovery,12,Aligned,PA-W03,True,0.9,noiseless_pre_sampling,,True,product_in_aqueous,0.014866640632513292,1.0,0.19166666666666665,,
PA-W03-B12-discovery-E-Aligned,PA,E,discovery,12,Aligned,PA-W03,True,0.9,noiseless_pre_sampling,,True,product_in_organic,0.014866640632513311,1.0,0.19166666666666665,,
EC-W03-B24-discovery-E-MisIndexed,EC,E,discovery,24,MisIndexed,EC-W03,True,0.8,single_seeded_observation,0.5640394687652588,True,electrochemical_selectivity,0.021534927686055496,1.0,0.2025,,
EC-W03-B24-discovery-E-MisIndexed,EC,E,discovery,24,MisIndexed,EC-W03,True,0.8,single_seeded_observation,0.5640394687652588,True,energy_efficiency,0.042673154547810566,1.0,0.18416666666666667,,
EC-W03-B24-discovery-E-MisIndexed,EC,E,discovery,24,MisIndexed,EC-W03,True,0.8,single_seeded_observation,0.5640394687652588,True,faradaic_efficiency,0.037364372611045825,0.9166666666666666,0.18833333333333332,,
EC-W03-B24-discovery-E-MisIndexed,EC,E,discovery,24,MisIndexed,EC-W03,True,0.8,single_seeded_observation,0.5640394687652588,True,score,0.07562247782138488,0.8333333333333334,0.2141666666666667,,
EC-W03-B24-discovery-E-MisIndexed,EC,E,discovery,24,MisIndexed,EC-W03,True,0.8,single_seeded_observation,0.5640394687652588,True,selective_product_yield,0.03410890418485118,0.5,0.06841666666666667,,
EC-W03-B24-discovery-E-MisIndexed,EC,E,discovery,24,MisIndexed,EC-W03,True,0.8,single_seeded_observation,0.5640394687652588,True,transport_efficiency,0.031096728444099414,1.0,0.19833333333333333,,
EC-W03-B24-discovery-E-Opaque,EC,E,discovery,24,Opaque,EC-W03,True,0.8,single_seeded_observation,0.5768393874168396,False,electrochemical_selectivity,0.30227363149325054,0.6666666666666666,0.32416666666666666,,
EC-W03-B24-discovery-E-Opaque,EC,E,discovery,24,Opaque,EC-W03,True,0.8,single_seeded_observation,0.5768393874168396,False,energy_efficiency,0.31582936393717925,0.16666666666666666,0.23416666666666666,,
EC-W03-B24-discovery-E-Opaque,EC,E,discovery,24,Opaque,EC-W03,True,0.8,single_seeded_observation,0.5768393874168396,False,faradaic_efficiency,0.24345965683460236,0.3333333333333333,0.29583333333333334,,
EC-W03-B24-discovery-E-Opaque,EC,E,discovery,24,Opaque,EC-W03,True,0.8,single_seeded_observation,0.5768393874168396,False,score,0.17245103632596634,0.5,0.22416666666666665,,
EC-W03-B24-discovery-E-Opaque,EC,E,discovery,24,Opaque,EC-W03,True,0.8,single_seeded_observation,0.5768393874168396,False,selective_product_yield,0.06337131602386943,0.5833333333333334,0.09308333333333334,,
EC-W03-B24-discovery-E-Opaque,EC,E,discovery,24,Opaque,EC-W03,True,0.8,single_seeded_observation,0.5768393874168396,False,transport_efficiency,0.2433890801668167,0.4166666666666667,0.3025,,
EC-W03-B24-discovery-E-Aligned,EC,E,discovery,24,Aligned,EC-W03,True,0.8,single_seeded_observation,0.6375543475151062,True,electrochemical_selectivity,0.05708664615948994,0.8333333333333334,0.22999999999999998,,
EC-W03-B24-discovery-E-Aligned,EC,E,discovery,24,Aligned,EC-W03,True,0.8,single_seeded_observation,0.6375543475151062,True,energy_efficiency,0.1268467500557502,0.6666666666666666,0.25416666666666665,,
EC-W03-B24-discovery-E-Aligned,EC,E,discovery,24,Aligned,EC-W03,True,0.8,single_seeded_observation,0.6375543475151062,True,faradaic_efficiency,0.13143836637338002,0.6666666666666666,0.23583333333333337,,
EC-W03-B24-discovery-E-Aligned,EC,E,discovery,24,Aligned,EC-W03,True,0.8,single_seeded_observation,0.6375543475151062,True,score,0.07279172000475227,0.9166666666666666,0.23666666666666666,,
EC-W03-B24-discovery-E-Aligned,EC,E,discovery,24,Aligned,EC-W03,True,0.8,single_seeded_observation,0.6375543475151062,True,selective_product_yield,0.03825648515120459,0.75,0.09799999999999999,,
EC-W03-B24-discovery-E-Aligned,EC,E,discovery,24,Aligned,EC-W03,True,0.8,single_seeded_observation,0.6375543475151062,True,transport_efficiency,0.13991147259871164,0.6666666666666666,0.235,,
EC-W03-B24-optimization-E-MisIndexed,EC,E,optimization,24,MisIndexed,EC-W03,True,0.8,single_seeded_observation,0.8721914887428284,False,electrochemical_selectivity,0.10389357487360636,0.8333333333333334,0.3575,,
EC-W03-B24-optimization-E-MisIndexed,EC,E,optimization,24,MisIndexed,EC-W03,True,0.8,single_seeded_observation,0.8721914887428284,False,energy_efficiency,0.14931681918601195,0.5833333333333334,0.29583333333333334,,
EC-W03-B24-optimization-E-MisIndexed,EC,E,optimization,24,MisIndexed,EC-W03,True,0.8,single_seeded_observation,0.8721914887428284,False,faradaic_efficiency,0.07802622417608897,0.9166666666666666,0.3125,,
EC-W03-B24-optimization-E-MisIndexed,EC,E,optimization,24,MisIndexed,EC-W03,True,0.8,single_seeded_observation,0.8721914887428284,False,score,0.09232898470945657,0.8333333333333334,0.20916666666666664,,
EC-W03-B24-optimization-E-MisIndexed,EC,E,optimization,24,MisIndexed,EC-W03,True,0.8,single_seeded_observation,0.8721914887428284,False,selective_product_yield,0.04712422339315526,0.5833333333333334,0.06258333333333334,,
EC-W03-B24-optimization-E-MisIndexed,EC,E,optimization,24,MisIndexed,EC-W03,True,0.8,single_seeded_observation,0.8721914887428284,False,transport_efficiency,0.09172328174114229,0.9166666666666666,0.32916666666666666,,
EC-W03-B24-optimization-E-Opaque,EC,E,optimization,24,Opaque,EC-W03,True,0.8,single_seeded_observation,0.8746734857559204,False,electrochemical_selectivity,0.13349066178003946,0.8333333333333334,0.2866666666666667,,
EC-W03-B24-optimization-E-Opaque,EC,E,optimization,24,Opaque,EC-W03,True,0.8,single_seeded_observation,0.8746734857559204,False,energy_efficiency,0.14749603060384592,0.5833333333333334,0.28583333333333333,,
EC-W03-B24-optimization-E-Opaque,EC,E,optimization,24,Opaque,EC-W03,True,0.8,single_seeded_observation,0.8746734857559204,False,faradaic_efficiency,0.10371278504530589,0.8333333333333334,0.26916666666666667,,
EC-W03-B24-optimization-E-Opaque,EC,E,optimization,24,Opaque,EC-W03,True,0.8,single_seeded_observation,0.8746734857559204,False,score,0.08402900689033171,0.8333333333333334,0.19583333333333333,,
EC-W03-B24-optimization-E-Opaque,EC,E,optimization,24,Opaque,EC-W03,True,0.8,single_seeded_observation,0.8746734857559204,False,selective_product_yield,0.044142883163644,0.75,0.07708333333333334,,
EC-W03-B24-optimization-E-Opaque,EC,E,optimization,24,Opaque,EC-W03,True,0.8,single_seeded_observation,0.8746734857559204,False,transport_efficiency,0.10280887504418691,0.8333333333333334,0.2891666666666667,,
EC-W03-B24-optimization-E-Aligned,EC,E,optimization,24,Aligned,EC-W03,True,0.8,single_seeded_observation,0.7311509847640991,False,electrochemical_selectivity,0.04609620213508606,1.0,0.22166666666666668,,
EC-W03-B24-optimization-E-Aligned,EC,E,optimization,24,Aligned,EC-W03,True,0.8,single_seeded_observation,0.7311509847640991,False,energy_efficiency,0.09602431960403919,0.75,0.24250000000000002,,
EC-W03-B24-optimization-E-Aligned,EC,E,optimization,24,Aligned,EC-W03,True,0.8,single_seeded_observation,0.7311509847640991,False,faradaic_efficiency,0.07637106359004973,0.75,0.23583333333333334,,
EC-W03-B24-optimization-E-Aligned,EC,E,optimization,24,Aligned,EC-W03,True,0.8,single_seeded_observation,0.7311509847640991,False,score,0.05822173171428343,0.9166666666666666,0.20624999999999996,,
EC-W03-B24-optimization-E-Aligned,EC,E,optimization,24,Aligned,EC-W03,True,0.8,single_seeded_observation,0.7311509847640991,False,selective_product_yield,0.04394887341057571,0.6666666666666666,0.10958333333333335,,
EC-W03-B24-optimization-E-Aligned,EC,E,optimization,24,Aligned,EC-W03,True,0.8,single_seeded_observation,0.7311509847640991,False,transport_efficiency,0.05708536644776661,0.9166666666666666,0.2541666666666667,,
PA-W03-B24-discovery-E-MisIndexed,PA,E,discovery,24,MisIndexed,PA-W03,True,0.9,noiseless_pre_sampling,,False,product_in_aqueous,0.01769985620804786,1.0,0.12875,,
PA-W03-B24-discovery-E-MisIndexed,PA,E,discovery,24,MisIndexed,PA-W03,True,0.9,noiseless_pre_sampling,,False,product_in_organic,0.017699856208047867,1.0,0.12875,,
PA-W03-B24-discovery-E-Opaque,PA,E,discovery,24,Opaque,PA-W03,True,0.9,noiseless_pre_sampling,,False,product_in_aqueous,0.0466839065388674,1.0,0.2275,,
PA-W03-B24-discovery-E-Opaque,PA,E,discovery,24,Opaque,PA-W03,True,0.9,noiseless_pre_sampling,,False,product_in_organic,0.026683906538867402,1.0,0.22833333333333336,,
PA-W03-B24-discovery-E-Aligned,PA,E,discovery,24,Aligned,PA-W03,True,0.9,noiseless_pre_sampling,,False,product_in_aqueous,0.012838767054211405,1.0,0.15333333333333335,,
PA-W03-B24-discovery-E-Aligned,PA,E,discovery,24,Aligned,PA-W03,True,0.9,noiseless_pre_sampling,,False,product_in_organic,0.012838767054211359,1.0,0.1533333333333333,,
EC-W04-B12-discovery-E-Opaque,EC,E,discovery,12,Opaque,EC-W04,True,0.8,single_seeded_observation,0.40469467639923096,False,electrochemical_selectivity,0.46090054265658065,0.5,0.16749999999999998,,
EC-W04-B12-discovery-E-Opaque,EC,E,discovery,12,Opaque,EC-W04,True,0.8,single_seeded_observation,0.40469467639923096,False,energy_efficiency,0.4175281296620766,0.08333333333333333,0.10041666666666667,,
EC-W04-B12-discovery-E-Opaque,EC,E,discovery,12,Opaque,EC-W04,True,0.8,single_seeded_observation,0.40469467639923096,False,faradaic_efficiency,0.3392254173755646,0.16666666666666666,0.10041666666666667,,
EC-W04-B12-discovery-E-Opaque,EC,E,discovery,12,Opaque,EC-W04,True,0.8,single_seeded_observation,0.40469467639923096,False,score,0.2595547816157341,0.16666666666666666,0.08125,,
EC-W04-B12-discovery-E-Opaque,EC,E,discovery,12,Opaque,EC-W04,True,0.8,single_seeded_observation,0.40469467639923096,False,selective_product_yield,0.08580875514214859,0.4166666666666667,0.0525,,
EC-W04-B12-discovery-E-Opaque,EC,E,discovery,12,Opaque,EC-W04,True,0.8,single_seeded_observation,0.40469467639923096,False,transport_efficiency,0.34663719157377876,0.08333333333333333,0.10125,,
EC-W04-B12-discovery-E-Aligned,EC,E,discovery,12,Aligned,EC-W04,True,0.8,single_seeded_observation,0.31060001254081726,False,electrochemical_selectivity,0.40833129167556764,0.5,0.3275,,
EC-W04-B12-discovery-E-Aligned,EC,E,discovery,12,Aligned,EC-W04,True,0.8,single_seeded_observation,0.31060001254081726,False,energy_efficiency,0.31136146299540995,0.4166666666666667,0.24416666666666664,,
EC-W04-B12-discovery-E-Aligned,EC,E,discovery,12,Aligned,EC-W04,True,0.8,single_seeded_observation,0.31060001254081726,False,faradaic_efficiency,0.2430111304918925,0.6666666666666666,0.24416666666666667,,
EC-W04-B12-discovery-E-Aligned,EC,E,discovery,12,Aligned,EC-W04,True,0.8,single_seeded_observation,0.31060001254081726,False,score,0.26550593187411625,0.4166666666666667,0.16166666666666665,,
EC-W04-B12-discovery-E-Aligned,EC,E,discovery,12,Aligned,EC-W04,True,0.8,single_seeded_observation,0.31060001254081726,False,selective_product_yield,0.08778309969371184,0.3333333333333333,0.03366666666666667,,
EC-W04-B12-discovery-E-Aligned,EC,E,discovery,12,Aligned,EC-W04,True,0.8,single_seeded_observation,0.31060001254081726,False,transport_efficiency,0.22997052490711212,0.6666666666666666,0.26666666666666666,,
EC-W04-B12-discovery-E-MisIndexed,EC,E,discovery,12,MisIndexed,EC-W04,True,0.8,single_seeded_observation,0.6978389024734497,True,electrochemical_selectivity,0.033370535373687754,0.9166666666666666,0.1741666666666667,,
EC-W04-B12-discovery-E-MisIndexed,EC,E,discovery,12,MisIndexed,EC-W04,True,0.8,single_seeded_observation,0.6978389024734497,True,energy_efficiency,0.0887628501902024,0.6666666666666666,0.20166666666666666,,
EC-W04-B12-discovery-E-MisIndexed,EC,E,discovery,12,MisIndexed,EC-W04,True,0.8,single_seeded_observation,0.6978389024734497,True,faradaic_efficiency,0.09103281170129775,0.5833333333333334,0.20333333333333334,,
EC-W04-B12-discovery-E-MisIndexed,EC,E,discovery,12,MisIndexed,EC-W04,True,0.8,single_seeded_observation,0.6978389024734497,True,score,0.16542346356312435,0.3333333333333333,0.22916666666666666,,
EC-W04-B12-discovery-E-MisIndexed,EC,E,discovery,12,MisIndexed,EC-W04,True,0.8,single_seeded_observation,0.6978389024734497,True,selective_product_yield,0.07123311316237474,0.4166666666666667,0.076,,
EC-W04-B12-discovery-E-MisIndexed,EC,E,discovery,12,MisIndexed,EC-W04,True,0.8,single_seeded_observation,0.6978389024734497,True,transport_efficiency,0.08571134005983667,0.6666666666666666,0.215,,
EC-W04-B12-optimization-E-Opaque,EC,E,optimization,12,Opaque,EC-W04,True,0.8,single_seeded_observation,0.5304955840110779,False,electrochemical_selectivity,0.23637556473414104,0.75,0.39916666666666667,,
EC-W04-B12-optimization-E-Opaque,EC,E,optimization,12,Opaque,EC-W04,True,0.8,single_seeded_observation,0.5304955840110779,False,energy_efficiency,0.19339587920407453,0.5833333333333334,0.3075,,
EC-W04-B12-optimization-E-Opaque,EC,E,optimization,12,Opaque,EC-W04,True,0.8,single_seeded_observation,0.5304955840110779,False,faradaic_efficiency,0.17511329696575798,0.75,0.31833333333333336,,
EC-W04-B12-optimization-E-Opaque,EC,E,optimization,12,Opaque,EC-W04,True,0.8,single_seeded_observation,0.5304955840110779,False,score,0.15483793542782465,0.5,0.21041666666666667,,
EC-W04-B12-optimization-E-Opaque,EC,E,optimization,12,Opaque,EC-W04,True,0.8,single_seeded_observation,0.5304955840110779,False,selective_product_yield,0.07213487713768457,0.3333333333333333,0.045083333333333336,,
EC-W04-B12-optimization-E-Opaque,EC,E,optimization,12,Opaque,EC-W04,True,0.8,single_seeded_observation,0.5304955840110779,False,transport_efficiency,0.1601437015235424,0.75,0.33416666666666667,,
EC-W04-B12-optimization-E-Aligned,EC,E,optimization,12,Aligned,EC-W04,True,0.8,single_seeded_observation,0.7652014493942261,False,electrochemical_selectivity,0.33083982586860655,0.5,0.1775,,
EC-W04-B12-optimization-E-Aligned,EC,E,optimization,12,Aligned,EC-W04,True,0.8,single_seeded_observation,0.7652014493942261,False,energy_efficiency,0.2779323604454597,0.25,0.19499999999999998,,
EC-W04-B12-optimization-E-Aligned,EC,E,optimization,12,Aligned,EC-W04,True,0.8,single_seeded_observation,0.7652014493942261,False,faradaic_efficiency,0.2814240805308024,0.16666666666666666,0.19208333333333336,,
EC-W04-B12-optimization-E-Aligned,EC,E,optimization,12,Aligned,EC-W04,True,0.8,single_seeded_observation,0.7652014493942261,False,score,0.18360029608011244,0.4166666666666667,0.15041666666666667,,
EC-W04-B12-optimization-E-Aligned,EC,E,optimization,12,Aligned,EC-W04,True,0.8,single_seeded_observation,0.7652014493942261,False,selective_product_yield,0.06363784324362252,0.3333333333333333,0.06475,,
EC-W04-B12-optimization-E-Aligned,EC,E,optimization,12,Aligned,EC-W04,True,0.8,single_seeded_observation,0.7652014493942261,False,transport_efficiency,0.19459060927232108,0.5833333333333334,0.355,,
EC-W04-B12-optimization-E-MisIndexed,EC,E,optimization,12,MisIndexed,EC-W04,True,0.8,single_seeded_observation,0.42463093996047974,False,electrochemical_selectivity,0.46036912631988525,0.5,0.19583333333333333,,
EC-W04-B12-optimization-E-MisIndexed,EC,E,optimization,12,MisIndexed,EC-W04,True,0.8,single_seeded_observation,0.42463093996047974,False,energy_efficiency,0.4322781296620766,0.16666666666666666,0.11208333333333333,,
EC-W04-B12-optimization-E-MisIndexed,EC,E,optimization,12,MisIndexed,EC-W04,True,0.8,single_seeded_observation,0.42463093996047974,False,faradaic_efficiency,0.39389208404223125,0.08333333333333333,0.09541666666666666,,
EC-W04-B12-optimization-E-MisIndexed,EC,E,optimization,12,MisIndexed,EC-W04,True,0.8,single_seeded_observation,0.42463093996047974,False,score,0.2623160513043404,0.25,0.09291666666666666,,
EC-W04-B12-optimization-E-MisIndexed,EC,E,optimization,12,MisIndexed,EC-W04,True,0.8,single_seeded_observation,0.42463093996047974,False,selective_product_yield,0.08318346379433449,0.3333333333333333,0.03225,,
EC-W04-B12-optimization-E-MisIndexed,EC,E,optimization,12,MisIndexed,EC-W04,True,0.8,single_seeded_observation,0.42463093996047974,False,transport_efficiency,0.41063719157377876,0.08333333333333333,0.09333333333333334,,
PA-W04-B12-discovery-E-Opaque,PA,E,discovery,12,Opaque,PA-W04,True,0.9,noiseless_pre_sampling,,False,product_in_aqueous,0.20284655820587194,0.4166666666666667,0.37833333333333335,,
PA-W04-B12-discovery-E-Opaque,PA,E,discovery,12,Opaque,PA-W04,True,0.9,noiseless_pre_sampling,,False,product_in_organic,0.2028465582058719,0.4166666666666667,0.37833333333333335,,
PA-W04-B12-discovery-E-Aligned,PA,E,discovery,12,Aligned,PA-W04,True,0.9,noiseless_pre_sampling,,False,product_in_aqueous,0.1927131927279301,0.3333333333333333,0.24333333333333332,,
PA-W04-B12-discovery-E-Aligned,PA,E,discovery,12,Aligned,PA-W04,True,0.9,noiseless_pre_sampling,,False,product_in_organic,0.1927131927279301,0.3333333333333333,0.24333333333333337,,
PA-W04-B12-discovery-E-MisIndexed,PA,E,discovery,12,MisIndexed,PA-W04,True,0.9,noiseless_pre_sampling,,False,product_in_aqueous,0.050889040964807286,0.9166666666666666,0.26916666666666667,,
PA-W04-B12-discovery-E-MisIndexed,PA,E,discovery,12,MisIndexed,PA-W04,True,0.9,noiseless_pre_sampling,,False,product_in_organic,0.050889040964807265,0.9166666666666666,0.26916666666666667,,
EC-W04-B24-discovery-E-Opaque,EC,E,discovery,24,Opaque,EC-W04,True,0.8,single_seeded_observation,0.5453415513038635,False,electrochemical_selectivity,0.1721575903892517,0.5,0.4116666666666666,,
EC-W04-B24-discovery-E-Opaque,EC,E,discovery,24,Opaque,EC-W04,True,0.8,single_seeded_observation,0.5453415513038635,False,energy_efficiency,0.11716252423822882,0.8333333333333334,0.42250000000000004,,
EC-W04-B24-discovery-E-Opaque,EC,E,discovery,24,Opaque,EC-W04,True,0.8,single_seeded_observation,0.5453415513038635,False,faradaic_efficiency,0.10961255262295405,0.75,0.34,,
EC-W04-B24-discovery-E-Opaque,EC,E,discovery,24,Opaque,EC-W04,True,0.8,single_seeded_observation,0.5453415513038635,False,score,0.10837637176116306,0.75,0.2916666666666667,,
EC-W04-B24-discovery-E-Opaque,EC,E,discovery,24,Opaque,EC-W04,True,0.8,single_seeded_observation,0.5453415513038635,False,selective_product_yield,0.08182014982169494,0.6666666666666666,0.18466666666666665,,
EC-W04-B24-discovery-E-Opaque,EC,E,discovery,24,Opaque,EC-W04,True,0.8,single_seeded_observation,0.5453415513038635,False,transport_efficiency,0.11428955778479576,0.75,0.3516666666666666,,
EC-W04-B24-discovery-E-Aligned,EC,E,discovery,24,Aligned,EC-W04,True,0.8,single_seeded_observation,0.5323801040649414,True,electrochemical_selectivity,0.09218340754508973,0.6666666666666666,0.325,,
EC-W04-B24-discovery-E-Aligned,EC,E,discovery,24,Aligned,EC-W04,True,0.8,single_seeded_observation,0.5323801040649414,True,energy_efficiency,0.07372182490924994,0.9166666666666666,0.34875000000000006,,
EC-W04-B24-discovery-E-Aligned,EC,E,discovery,24,Aligned,EC-W04,True,0.8,single_seeded_observation,0.5323801040649414,True,faradaic_efficiency,0.06720381766557693,0.8333333333333334,0.27999999999999997,,
EC-W04-B24-discovery-E-Aligned,EC,E,discovery,24,Aligned,EC-W04,True,0.8,single_seeded_observation,0.5323801040649414,True,score,0.07764562100172043,0.9166666666666666,0.215,,
EC-W04-B24-discovery-E-Aligned,EC,E,discovery,24,Aligned,EC-W04,True,0.8,single_seeded_observation,0.5323801040649414,True,selective_product_yield,0.025855811881677557,0.9166666666666666,0.1535,,
EC-W04-B24-discovery-E-Aligned,EC,E,discovery,24,Aligned,EC-W04,True,0.8,single_seeded_observation,0.5323801040649414,True,transport_efficiency,0.0642695006231467,0.8333333333333334,0.2708333333333333,,
EC-W04-B24-discovery-E-MisIndexed,EC,E,discovery,24,MisIndexed,EC-W04,True,0.8,single_seeded_observation,0.7250260710716248,False,electrochemical_selectivity,0.0618726436297099,0.9166666666666666,0.2608333333333333,,
EC-W04-B24-discovery-E-MisIndexed,EC,E,discovery,24,MisIndexed,EC-W04,True,0.8,single_seeded_observation,0.7250260710716248,False,energy_efficiency,0.09644365333020687,0.8333333333333334,0.29583333333333334,,
EC-W04-B24-discovery-E-MisIndexed,EC,E,discovery,24,MisIndexed,EC-W04,True,0.8,single_seeded_observation,0.7250260710716248,False,faradaic_efficiency,0.055918294092019406,1.0,0.2833333333333334,,
EC-W04-B24-discovery-E-MisIndexed,EC,E,discovery,24,MisIndexed,EC-W04,True,0.8,single_seeded_observation,0.7250260710716248,False,score,0.06675613731145859,0.9166666666666666,0.2275,,
EC-W04-B24-discovery-E-MisIndexed,EC,E,discovery,24,MisIndexed,EC-W04,True,0.8,single_seeded_observation,0.7250260710716248,False,selective_product_yield,0.0375376431918703,0.75,0.09491666666666666,,
EC-W04-B24-discovery-E-MisIndexed,EC,E,discovery,24,MisIndexed,EC-W04,True,0.8,single_seeded_observation,0.7250260710716248,False,transport_efficiency,0.054650653650363305,1.0,0.2920833333333333,,
EC-W04-B24-optimization-E-Opaque,EC,E,optimization,24,Opaque,EC-W04,True,0.8,single_seeded_observation,0.6855634450912476,False,electrochemical_selectivity,0.02212767561276754,1.0,0.21166666666666667,,
EC-W04-B24-optimization-E-Opaque,EC,E,optimization,24,Opaque,EC-W04,True,0.8,single_seeded_observation,0.6855634450912476,False,energy_efficiency,0.03200414242843786,1.0,0.23083333333333333,,
EC-W04-B24-optimization-E-Opaque,EC,E,optimization,24,Opaque,EC-W04,True,0.8,single_seeded_observation,0.6855634450912476,False,faradaic_efficiency,0.04800708134969075,1.0,0.23625,,
EC-W04-B24-optimization-E-Opaque,EC,E,optimization,24,Opaque,EC-W04,True,0.8,single_seeded_observation,0.6855634450912476,False,score,0.043192815085252134,0.8333333333333334,0.16,,
EC-W04-B24-optimization-E-Opaque,EC,E,optimization,24,Opaque,EC-W04,True,0.8,single_seeded_observation,0.6855634450912476,False,selective_product_yield,0.013629550141748041,1.0,0.09883333333333333,,
EC-W04-B24-optimization-E-Opaque,EC,E,optimization,24,Opaque,EC-W04,True,0.8,single_seeded_observation,0.6855634450912476,False,transport_efficiency,0.03528505265712737,1.0,0.2445833333333333,,
EC-W04-B24-optimization-E-Aligned,EC,E,optimization,24,Aligned,EC-W04,True,0.8,single_seeded_observation,0.80135577917099,False,electrochemical_selectivity,0.04566110769907633,1.0,0.3416666666666666,,
EC-W04-B24-optimization-E-Aligned,EC,E,optimization,24,Aligned,EC-W04,True,0.8,single_seeded_observation,0.80135577917099,False,energy_efficiency,0.1764035082111756,0.3333333333333333,0.2966666666666667,,
EC-W04-B24-optimization-E-Aligned,EC,E,optimization,24,Aligned,EC-W04,True,0.8,single_seeded_observation,0.80135577917099,False,faradaic_efficiency,0.10377564599116644,0.8333333333333334,0.29083333333333333,,
EC-W04-B24-optimization-E-Aligned,EC,E,optimization,24,Aligned,EC-W04,True,0.8,single_seeded_observation,0.80135577917099,False,score,0.12085843433936437,0.5833333333333334,0.21916666666666665,,
EC-W04-B24-optimization-E-Aligned,EC,E,optimization,24,Aligned,EC-W04,True,0.8,single_seeded_observation,0.80135577917099,False,selective_product_yield,0.06567950991028919,0.4166666666666667,0.08958333333333335,,
EC-W04-B24-optimization-E-Aligned,EC,E,optimization,24,Aligned,EC-W04,True,0.8,single_seeded_observation,0.80135577917099,False,transport_efficiency,0.100292199999094,0.8333333333333334,0.30833333333333335,,
EC-W04-B24-optimization-E-MisIndexed,EC,E,optimization,24,MisIndexed,EC-W04,True,0.8,single_seeded_observation,0.47694939374923706,False,electrochemical_selectivity,0.09704866290092468,0.8333333333333334,0.3458333333333334,,
EC-W04-B24-optimization-E-MisIndexed,EC,E,optimization,24,MisIndexed,EC-W04,True,0.8,single_seeded_observation,0.47694939374923706,False,energy_efficiency,0.23682414713005226,0.4166666666666667,0.31416666666666665,,
EC-W04-B24-optimization-E-MisIndexed,EC,E,optimization,24,MisIndexed,EC-W04,True,0.8,single_seeded_observation,0.47694939374923706,False,faradaic_efficiency,0.2361965385079384,0.4166666666666667,0.29125,,
EC-W04-B24-optimization-E-MisIndexed,EC,E,optimization,24,MisIndexed,EC-W04,True,0.8,single_seeded_observation,0.47694939374923706,False,score,0.18133516401052474,0.5,0.22299999999999998,,
EC-W04-B24-optimization-E-MisIndexed,EC,E,optimization,24,MisIndexed,EC-W04,True,0.8,single_seeded_observation,0.47694939374923706,False,selective_product_yield,0.07711745257610454,0.3333333333333333,0.05445833333333334,,
EC-W04-B24-optimization-E-MisIndexed,EC,E,optimization,24,MisIndexed,EC-W04,True,0.8,single_seeded_observation,0.47694939374923706,False,transport_efficiency,0.22779219999909403,0.3333333333333333,0.29541666666666666,,
PA-W04-B24-discovery-E-Opaque,PA,E,discovery,24,Opaque,PA-W04,True,0.9,noiseless_pre_sampling,,False,product_in_aqueous,0.02866345949481656,1.0,0.19833333333333333,,
PA-W04-B24-discovery-E-Opaque,PA,E,discovery,24,Opaque,PA-W04,True,0.9,noiseless_pre_sampling,,False,product_in_organic,0.028663459494816548,1.0,0.19833333333333333,,
PA-W04-B24-discovery-E-Aligned,PA,E,discovery,24,Aligned,PA-W04,True,0.9,noiseless_pre_sampling,,False,product_in_aqueous,0.010962803208154924,1.0,0.19083333333333333,,
PA-W04-B24-discovery-E-Aligned,PA,E,discovery,24,Aligned,PA-W04,True,0.9,noiseless_pre_sampling,,False,product_in_organic,0.010962803208154898,1.0,0.19083333333333333,,
PA-W04-B24-discovery-E-MisIndexed,PA,E,discovery,24,MisIndexed,PA-W04,True,0.9,noiseless_pre_sampling,,True,product_in_aqueous,0.019702546823851013,1.0,0.1625,,
PA-W04-B24-discovery-E-MisIndexed,PA,E,discovery,24,MisIndexed,PA-W04,True,0.9,noiseless_pre_sampling,,True,product_in_organic,0.01970254682385099,1.0,0.1625,,
EC-W05-B12-discovery-E-Aligned,EC,E,discovery,12,Aligned,EC-W05,True,0.8,single_seeded_observation,0.6265878081321716,True,electrochemical_selectivity,0.05456431527932482,0.9166666666666666,0.31583333333333335,,
EC-W05-B12-discovery-E-Aligned,EC,E,discovery,12,Aligned,EC-W05,True,0.8,single_seeded_observation,0.6265878081321716,True,energy_efficiency,0.12393007944027584,0.8333333333333334,0.36333333333333334,,
EC-W05-B12-discovery-E-Aligned,EC,E,discovery,12,Aligned,EC-W05,True,0.8,single_seeded_observation,0.6265878081321716,True,faradaic_efficiency,0.14208697070678075,0.8333333333333334,0.33499999999999996,,
EC-W05-B12-discovery-E-Aligned,EC,E,discovery,12,Aligned,EC-W05,True,0.8,single_seeded_observation,0.6265878081321716,True,score,0.12505230648318927,0.75,0.3066666666666667,,
EC-W05-B12-discovery-E-Aligned,EC,E,discovery,12,Aligned,EC-W05,True,0.8,single_seeded_observation,0.6265878081321716,True,selective_product_yield,0.08983683314252024,0.16666666666666666,0.052,,
EC-W05-B12-discovery-E-Aligned,EC,E,discovery,12,Aligned,EC-W05,True,0.8,single_seeded_observation,0.6265878081321716,True,transport_efficiency,0.13536949902772902,0.8333333333333334,0.3433333333333333,,
EC-W05-B12-discovery-E-MisIndexed,EC,E,discovery,12,MisIndexed,EC-W05,True,0.8,single_seeded_observation,0.6164458394050598,True,electrochemical_selectivity,0.061799090902010585,1.0,0.2525,,
EC-W05-B12-discovery-E-MisIndexed,EC,E,discovery,12,MisIndexed,EC-W05,True,0.8,single_seeded_observation,0.6164458394050598,True,energy_efficiency,0.08338684727748236,0.8333333333333334,0.2658333333333333,,
EC-W05-B12-discovery-E-MisIndexed,EC,E,discovery,12,MisIndexed,EC-W05,True,0.8,single_seeded_observation,0.6164458394050598,True,faradaic_efficiency,0.05519904881715775,1.0,0.2991666666666667,,
EC-W05-B12-discovery-E-MisIndexed,EC,E,discovery,12,MisIndexed,EC-W05,True,0.8,single_seeded_observation,0.6164458394050598,True,score,0.062241340468327196,1.0,0.26833333333333337,,
EC-W05-B12-discovery-E-MisIndexed,EC,E,discovery,12,MisIndexed,EC-W05,True,0.8,single_seeded_observation,0.6164458394050598,True,selective_product_yield,0.052887171840450414,0.6666666666666666,0.10241666666666667,,
EC-W05-B12-discovery-E-MisIndexed,EC,E,discovery,12,MisIndexed,EC-W05,True,0.8,single_seeded_observation,0.6164458394050598,True,transport_efficiency,0.05322636316219966,1.0,0.30666666666666664,,
EC-W05-B12-discovery-E-Opaque,EC,E,discovery,12,Opaque,EC-W05,True,0.8,single_seeded_observation,0.4647243916988373,False,electrochemical_selectivity,0.4430700477361679,0.5,0.19625,,
EC-W05-B12-discovery-E-Opaque,EC,E,discovery,12,Opaque,EC-W05,True,0.8,single_seeded_observation,0.4647243916988373,False,energy_efficiency,0.42632163165012993,0.3333333333333333,0.21916666666666665,,
EC-W05-B12-discovery-E-Opaque,EC,E,discovery,12,Opaque,EC-W05,True,0.8,single_seeded_observation,0.4647243916988373,False,faradaic_efficiency,0.34757132426897686,0.4166666666666667,0.20249999999999999,,
EC-W05-B12-discovery-E-Opaque,EC,E,discovery,12,Opaque,EC-W05,True,0.8,single_seeded_observation,0.4647243916988373,False,score,0.2899702033102512,0.5,0.16833333333333333,,
EC-W05-B12-discovery-E-Opaque,EC,E,discovery,12,Opaque,EC-W05,True,0.8,single_seeded_observation,0.4647243916988373,False,selective_product_yield,0.09151201214818283,0.5,0.06158333333333333,,
EC-W05-B12-discovery-E-Opaque,EC,E,discovery,12,Opaque,EC-W05,True,0.8,single_seeded_observation,0.4647243916988373,False,transport_efficiency,0.361654660085837,0.4166666666666667,0.19666666666666666,,
EC-W05-B12-optimization-E-Aligned,EC,E,optimization,12,Aligned,EC-W05,True,0.8,single_seeded_observation,0.8540434837341309,True,electrochemical_selectivity,0.31637944916884103,0.5,0.24749999999999997,,
EC-W05-B12-optimization-E-Aligned,EC,E,optimization,12,Aligned,EC-W05,True,0.8,single_seeded_observation,0.8540434837341309,True,energy_efficiency,0.3154222554564476,0.08333333333333333,0.20666666666666667,,
EC-W05-B12-optimization-E-Aligned,EC,E,optimization,12,Aligned,EC-W05,True,0.8,single_seeded_observation,0.8540434837341309,True,faradaic_efficiency,0.3346877263387044,0.0,0.18708333333333335,,
EC-W05-B12-optimization-E-Aligned,EC,E,optimization,12,Aligned,EC-W05,True,0.8,single_seeded_observation,0.8540434837341309,True,score,0.21964226612448692,0.3333333333333333,0.17250000000000001,,
EC-W05-B12-optimization-E-Aligned,EC,E,optimization,12,Aligned,EC-W05,True,0.8,single_seeded_observation,0.8540434837341309,True,selective_product_yield,0.07848831737361227,0.4166666666666667,0.09666666666666666,,
EC-W05-B12-optimization-E-Aligned,EC,E,optimization,12,Aligned,EC-W05,True,0.8,single_seeded_observation,0.8540434837341309,True,transport_efficiency,0.16809602131446202,0.5,0.32666666666666666,,
EC-W05-B12-optimization-E-MisIndexed,EC,E,optimization,12,MisIndexed,EC-W05,True,0.8,single_seeded_observation,0.7437111735343933,True,electrochemical_selectivity,0.32657291313012443,0.4166666666666667,0.22083333333333333,,
EC-W05-B12-optimization-E-MisIndexed,EC,E,optimization,12,MisIndexed,EC-W05,True,0.8,single_seeded_observation,0.7437111735343933,True,energy_efficiency,0.2744222554564476,0.3333333333333333,0.2525,,
EC-W05-B12-optimization-E-MisIndexed,EC,E,optimization,12,MisIndexed,EC-W05,True,0.8,single_seeded_observation,0.7437111735343933,True,faradaic_efficiency,0.2543948229153951,0.4166666666666667,0.24166666666666667,,
EC-W05-B12-optimization-E-MisIndexed,EC,E,optimization,12,MisIndexed,EC-W05,True,0.8,single_seeded_observation,0.7437111735343933,True,score,0.22717611115177472,0.4166666666666667,0.20916666666666664,,
EC-W05-B12-optimization-E-MisIndexed,EC,E,optimization,12,MisIndexed,EC-W05,True,0.8,single_seeded_observation,0.7437111735343933,True,selective_product_yield,0.09366877961081142,0.16666666666666666,0.05275,,
EC-W05-B12-optimization-E-MisIndexed,EC,E,optimization,12,MisIndexed,EC-W05,True,0.8,single_seeded_observation,0.7437111735343933,True,transport_efficiency,0.2529506320754687,0.4166666666666667,0.24166666666666667,,
EC-W05-B12-optimization-E-Opaque,EC,E,optimization,12,Opaque,EC-W05,True,0.8,single_seeded_observation,0.48003509640693665,False,electrochemical_selectivity,0.4495483982165654,0.5,0.13166666666666668,,
EC-W05-B12-optimization-E-Opaque,EC,E,optimization,12,Opaque,EC-W05,True,0.8,single_seeded_observation,0.48003509640693665,False,energy_efficiency,0.4094457512497902,0.25,0.1125,,
EC-W05-B12-optimization-E-Opaque,EC,E,optimization,12,Opaque,EC-W05,True,0.8,single_seeded_observation,0.48003509640693665,False,faradaic_efficiency,0.36627105967203777,0.25,0.12125000000000001,,
EC-W05-B12-optimization-E-Opaque,EC,E,optimization,12,Opaque,EC-W05,True,0.8,single_seeded_observation,0.48003509640693665,False,score,0.2959528721074263,0.3333333333333333,0.13083333333333333,,
EC-W05-B12-optimization-E-Opaque,EC,E,optimization,12,Opaque,EC-W05,True,0.8,single_seeded_observation,0.48003509640693665,False,selective_product_yield,0.10272595693000282,0.3333333333333333,0.059250000000000004,,
EC-W05-B12-optimization-E-Opaque,EC,E,optimization,12,Opaque,EC-W05,True,0.8,single_seeded_observation,0.48003509640693665,False,transport_efficiency,0.3808560966451963,0.25,0.1125,,
PA-W05-B12-discovery-E-Aligned,PA,E,discovery,12,Aligned,PA-W05,True,0.9,noiseless_pre_sampling,,False,product_in_aqueous,0.04829225821292893,0.9166666666666666,0.21250000000000002,,
PA-W05-B12-discovery-E-Aligned,PA,E,discovery,12,Aligned,PA-W05,True,0.9,noiseless_pre_sampling,,False,product_in_organic,0.048292258212928936,0.9166666666666666,0.2125,,
PA-W05-B12-discovery-E-MisIndexed,PA,E,discovery,12,MisIndexed,PA-W05,True,0.9,noiseless_pre_sampling,,True,product_in_aqueous,0.06371103555255493,0.75,0.22499999999999998,,
PA-W05-B12-discovery-E-MisIndexed,PA,E,discovery,12,MisIndexed,PA-W05,True,0.9,noiseless_pre_sampling,,True,product_in_organic,0.06371103555255492,0.75,0.225,,
PA-W05-B12-discovery-E-Opaque,PA,E,discovery,12,Opaque,PA-W05,True,0.9,noiseless_pre_sampling,,False,product_in_aqueous,0.03480545615798523,1.0,0.28500000000000003,,
PA-W05-B12-discovery-E-Opaque,PA,E,discovery,12,Opaque,PA-W05,True,0.9,noiseless_pre_sampling,,False,product_in_organic,0.03480545615798524,1.0,0.285,,
EC-W05-B24-discovery-E-Aligned,EC,E,discovery,24,Aligned,EC-W05,True,0.8,single_seeded_observation,0.404217928647995,True,electrochemical_selectivity,0.4378656333684921,0.5,0.13749999999999998,,
EC-W05-B24-discovery-E-Aligned,EC,E,discovery,24,Aligned,EC-W05,True,0.8,single_seeded_observation,0.404217928647995,True,energy_efficiency,0.38226016392310463,0.4166666666666667,0.13791666666666666,,
EC-W05-B24-discovery-E-Aligned,EC,E,discovery,24,Aligned,EC-W05,True,0.8,single_seeded_observation,0.404217928647995,True,faradaic_efficiency,0.3499963995615641,0.3333333333333333,0.12625,,
EC-W05-B24-discovery-E-Aligned,EC,E,discovery,24,Aligned,EC-W05,True,0.8,single_seeded_observation,0.404217928647995,True,score,0.2945455375810464,0.4166666666666667,0.13041666666666665,,
EC-W05-B24-discovery-E-Aligned,EC,E,discovery,24,Aligned,EC-W05,True,0.8,single_seeded_observation,0.404217928647995,True,selective_product_yield,0.10868375418412811,0.3333333333333333,0.09000000000000001,,
EC-W05-B24-discovery-E-Aligned,EC,E,discovery,24,Aligned,EC-W05,True,0.8,single_seeded_observation,0.404217928647995,True,transport_efficiency,0.3491454195777575,0.4166666666666667,0.12166666666666669,,
EC-W05-B24-discovery-E-MisIndexed,EC,E,discovery,24,MisIndexed,EC-W05,True,0.8,single_seeded_observation,0.7048203945159912,False,electrochemical_selectivity,0.04295921067396798,1.0,0.28250000000000003,,
EC-W05-B24-discovery-E-MisIndexed,EC,E,discovery,24,MisIndexed,EC-W05,True,0.8,single_seeded_observation,0.7048203945159912,False,energy_efficiency,0.1913426485657692,0.4166666666666667,0.23666666666666666,,
EC-W05-B24-discovery-E-MisIndexed,EC,E,discovery,24,MisIndexed,EC-W05,True,0.8,single_seeded_observation,0.7048203945159912,False,faradaic_efficiency,0.17553734809160235,0.4166666666666667,0.24333333333333332,,
EC-W05-B24-discovery-E-MisIndexed,EC,E,discovery,24,MisIndexed,EC-W05,True,0.8,single_seeded_observation,0.7048203945159912,False,score,0.11443554773926734,0.4166666666666667,0.20166666666666666,,
EC-W05-B24-discovery-E-MisIndexed,EC,E,discovery,24,MisIndexed,EC-W05,True,0.8,single_seeded_observation,0.7048203945159912,False,selective_product_yield,0.06361767729449395,0.5833333333333334,0.10025,,
EC-W05-B24-discovery-E-MisIndexed,EC,E,discovery,24,MisIndexed,EC-W05,True,0.8,single_seeded_observation,0.7048203945159912,False,transport_efficiency,0.17061706850926084,0.4166666666666667,0.24416666666666664,,
EC-W05-B24-discovery-E-Opaque,EC,E,discovery,24,Opaque,EC-W05,True,0.8,single_seeded_observation,0.14513033628463745,True,electrochemical_selectivity,0.09233828206857043,0.8333333333333334,0.2808333333333333,,
EC-W05-B24-discovery-E-Opaque,EC,E,discovery,24,Opaque,EC-W05,True,0.8,single_seeded_observation,0.14513033628463745,True,energy_efficiency,0.15713866362969078,0.4166666666666667,0.25833333333333336,,
EC-W05-B24-discovery-E-Opaque,EC,E,discovery,24,Opaque,EC-W05,True,0.8,single_seeded_observation,0.14513033628463745,True,faradaic_efficiency,0.09750477125247319,0.75,0.2675,,
EC-W05-B24-discovery-E-Opaque,EC,E,discovery,24,Opaque,EC-W05,True,0.8,single_seeded_observation,0.14513033628463745,True,score,0.11242090160648029,0.5833333333333334,0.2775,,
EC-W05-B24-discovery-E-Opaque,EC,E,discovery,24,Opaque,EC-W05,True,0.8,single_seeded_observation,0.14513033628463745,True,selective_product_yield,0.08244518737572555,0.4166666666666667,0.07083333333333333,,
EC-W05-B24-discovery-E-Opaque,EC,E,discovery,24,Opaque,EC-W05,True,0.8,single_seeded_observation,0.14513033628463745,True,transport_efficiency,0.10156556795040765,0.6666666666666666,0.2725,,
EC-W05-B24-optimization-E-Aligned,EC,E,optimization,24,Aligned,EC-W05,True,0.8,single_seeded_observation,0.8398789167404175,True,electrochemical_selectivity,0.11554705719153084,0.8333333333333334,0.33666666666666667,,
EC-W05-B24-optimization-E-Aligned,EC,E,optimization,24,Aligned,EC-W05,True,0.8,single_seeded_observation,0.8398789167404175,True,energy_efficiency,0.15851157357295353,0.5833333333333334,0.2841666666666667,,
EC-W05-B24-optimization-E-Aligned,EC,E,optimization,24,Aligned,EC-W05,True,0.8,single_seeded_observation,0.8398789167404175,True,faradaic_efficiency,0.11260064999262492,0.9166666666666666,0.2975,,
EC-W05-B24-optimization-E-Aligned,EC,E,optimization,24,Aligned,EC-W05,True,0.8,single_seeded_observation,0.8398789167404175,True,score,0.10230270718534788,0.6666666666666666,0.20333333333333334,,
EC-W05-B24-optimization-E-Aligned,EC,E,optimization,24,Aligned,EC-W05,True,0.8,single_seeded_observation,0.8398789167404175,True,selective_product_yield,0.06355305851080144,0.5,0.06616666666666667,,
EC-W05-B24-optimization-E-Aligned,EC,E,optimization,24,Aligned,EC-W05,True,0.8,single_seeded_observation,0.8398789167404175,True,transport_efficiency,0.10046438167492548,0.8333333333333334,0.3083333333333333,,
EC-W05-B24-optimization-E-MisIndexed,EC,E,optimization,24,MisIndexed,EC-W05,True,0.8,single_seeded_observation,0.6393107175827026,True,electrochemical_selectivity,0.04206137756506601,1.0,0.3275,,
EC-W05-B24-optimization-E-MisIndexed,EC,E,optimization,24,MisIndexed,EC-W05,True,0.8,single_seeded_observation,0.6393107175827026,True,energy_efficiency,0.12233892212311426,0.8333333333333334,0.37166666666666665,,
EC-W05-B24-optimization-E-MisIndexed,EC,E,optimization,24,MisIndexed,EC-W05,True,0.8,single_seeded_observation,0.6393107175827026,True,faradaic_efficiency,0.0648855040470759,1.0,0.3941666666666666,,
EC-W05-B24-optimization-E-MisIndexed,EC,E,optimization,24,MisIndexed,EC-W05,True,0.8,single_seeded_observation,0.6393107175827026,True,score,0.04798615470528602,1.0,0.2758333333333333,,
EC-W05-B24-optimization-E-MisIndexed,EC,E,optimization,24,MisIndexed,EC-W05,True,0.8,single_seeded_observation,0.6393107175827026,True,selective_product_yield,0.04544470427759612,0.75,0.11475,,
EC-W05-B24-optimization-E-MisIndexed,EC,E,optimization,24,MisIndexed,EC-W05,True,0.8,single_seeded_observation,0.6393107175827026,True,transport_efficiency,0.06694195518891015,0.9166666666666666,0.3925,,
EC-W05-B24-optimization-E-Opaque,EC,E,optimization,24,Opaque,EC-W05,True,0.8,single_seeded_observation,0.6611250638961792,True,electrochemical_selectivity,0.41321556667486825,0.5,0.375,,
EC-W05-B24-optimization-E-Opaque,EC,E,optimization,24,Opaque,EC-W05,True,0.8,single_seeded_observation,0.6611250638961792,True,energy_efficiency,0.43435869147380196,0.08333333333333333,0.18000000000000002,,
EC-W05-B24-optimization-E-Opaque,EC,E,optimization,24,Opaque,EC-W05,True,0.8,single_seeded_observation,0.6611250638961792,True,faradaic_efficiency,0.3336043930053711,0.5833333333333334,0.28,,
EC-W05-B24-optimization-E-Opaque,EC,E,optimization,24,Opaque,EC-W05,True,0.8,single_seeded_observation,0.6611250638961792,True,score,0.25231948803861937,0.4166666666666667,0.21916666666666665,,
EC-W05-B24-optimization-E-Opaque,EC,E,optimization,24,Opaque,EC-W05,True,0.8,single_seeded_observation,0.6611250638961792,True,selective_product_yield,0.090917130796394,0.5833333333333334,0.07541666666666667,,
EC-W05-B24-optimization-E-Opaque,EC,E,optimization,24,Opaque,EC-W05,True,0.8,single_seeded_observation,0.6611250638961792,True,transport_efficiency,0.3280995030204455,0.5833333333333334,0.295,,
PA-W05-B24-discovery-E-Aligned,PA,E,discovery,24,Aligned,PA-W05,True,0.9,noiseless_pre_sampling,,False,product_in_aqueous,0.08255658161296014,0.8333333333333334,0.19958333333333333,,
PA-W05-B24-discovery-E-Aligned,PA,E,discovery,24,Aligned,PA-W05,True,0.9,noiseless_pre_sampling,,False,product_in_organic,0.08255658161296012,0.8333333333333334,0.19958333333333333,,
PA-W05-B24-discovery-E-MisIndexed,PA,E,discovery,24,MisIndexed,PA-W05,True,0.9,noiseless_pre_sampling,,False,product_in_aqueous,0.025218294561024552,1.0,0.1575,,
PA-W05-B24-discovery-E-MisIndexed,PA,E,discovery,24,MisIndexed,PA-W05,True,0.9,noiseless_pre_sampling,,False,product_in_organic,0.025218294561024552,1.0,0.1575,,
PA-W05-B24-discovery-E-Opaque,PA,E,discovery,24,Opaque,PA-W05,True,0.9,noiseless_pre_sampling,,False,product_in_aqueous,0.028105437641839457,1.0,0.13708333333333333,,
PA-W05-B24-discovery-E-Opaque,PA,E,discovery,24,Opaque,PA-W05,True,0.9,noiseless_pre_sampling,,False,product_in_organic,0.02810543764183947,1.0,0.1370833333333333,,
RX-W01--P--mechanism_discovery--Opaque,RX,P,discovery,12,Opaque,RX-W01,True,0.8,five_repeat_mean_and_observation_coverage,0.2460278570652008,False,byproduct_signal,0.06374841193358104,1.0,0.25083333333333335,,
RX-W01--P--mechanism_discovery--Opaque,RX,P,discovery,12,Opaque,RX-W01,True,0.8,five_repeat_mean_and_observation_coverage,0.2460278570652008,False,conversion,0.06516034078598022,0.35,0.14708333333333332,,
RX-W01--P--mechanism_discovery--Opaque,RX,P,discovery,12,Opaque,RX-W01,True,0.8,five_repeat_mean_and_observation_coverage,0.2460278570652008,False,safety_risk,0.14891218756635985,0.3333333333333333,0.22,,
RX-W01--P--mechanism_discovery--Opaque,RX,P,discovery,12,Opaque,RX-W01,True,0.8,five_repeat_mean_and_observation_coverage,0.2460278570652008,False,score,0.12617829764882724,0.5,0.23833333333333334,,
RX-W01--P--mechanism_discovery--Opaque,RX,P,discovery,12,Opaque,RX-W01,True,0.8,five_repeat_mean_and_observation_coverage,0.2460278570652008,False,selectivity,0.05509869416554768,1.0,0.24333333333333332,,
RX-W01--P--mechanism_discovery--Opaque,RX,P,discovery,12,Opaque,RX-W01,True,0.8,five_repeat_mean_and_observation_coverage,0.2460278570652008,False,yield,0.10259371916453042,0.75,0.30416666666666664,,
RX-W01--P--mechanism_discovery--Aligned,RX,P,discovery,12,Aligned,RX-W01,True,0.8,five_repeat_mean_and_observation_coverage,0.41958004236221313,False,byproduct_signal,0.04516297086079915,0.9166666666666666,0.13941666666666663,,
RX-W01--P--mechanism_discovery--Aligned,RX,P,discovery,12,Aligned,RX-W01,True,0.8,five_repeat_mean_and_observation_coverage,0.41958004236221313,False,conversion,0.011730429490407293,0.9,0.04674999999999999,,
RX-W01--P--mechanism_discovery--Aligned,RX,P,discovery,12,Aligned,RX-W01,True,0.8,five_repeat_mean_and_observation_coverage,0.41958004236221313,False,safety_risk,0.01087045177817345,0.9166666666666666,0.048583333333333326,,
RX-W01--P--mechanism_discovery--Aligned,RX,P,discovery,12,Aligned,RX-W01,True,0.8,five_repeat_mean_and_observation_coverage,0.41958004236221313,False,score,0.026594964315493897,1.0,0.11133333333333333,,
RX-W01--P--mechanism_discovery--Aligned,RX,P,discovery,12,Aligned,RX-W01,True,0.8,five_repeat_mean_and_observation_coverage,0.41958004236221313,False,selectivity,0.05432183718681335,0.75,0.15275,,
RX-W01--P--mechanism_discovery--Aligned,RX,P,discovery,12,Aligned,RX-W01,True,0.8,five_repeat_mean_and_observation_coverage,0.41958004236221313,False,yield,0.03615325625737508,0.9666666666666667,0.13191666666666665,,
RX-W01--P--mechanism_discovery--MisIndexed,RX,P,discovery,12,MisIndexed,RX-W01,True,0.8,five_repeat_mean_and_observation_coverage,0.38279661536216736,False,byproduct_signal,0.03263388866186141,0.9166666666666666,0.14374999999999996,,
RX-W01--P--mechanism_discovery--MisIndexed,RX,P,discovery,12,MisIndexed,RX-W01,True,0.8,five_repeat_mean_and_observation_coverage,0.38279661536216736,False,conversion,0.012225176095962511,0.9166666666666666,0.06458333333333335,,
RX-W01--P--mechanism_discovery--MisIndexed,RX,P,discovery,12,MisIndexed,RX-W01,True,0.8,five_repeat_mean_and_observation_coverage,0.38279661536216736,False,safety_risk,0.05339809180299441,0.6666666666666666,0.03549999999999999,,
RX-W01--P--mechanism_discovery--MisIndexed,RX,P,discovery,12,MisIndexed,RX-W01,True,0.8,five_repeat_mean_and_observation_coverage,0.38279661536216736,False,score,0.03523998448252677,0.9166666666666666,0.13375,,
RX-W01--P--mechanism_discovery--MisIndexed,RX,P,discovery,12,MisIndexed,RX-W01,True,0.8,five_repeat_mean_and_observation_coverage,0.38279661536216736,False,selectivity,0.03245413144429525,0.8666666666666667,0.1495833333333333,,
RX-W01--P--mechanism_discovery--MisIndexed,RX,P,discovery,12,MisIndexed,RX-W01,True,0.8,five_repeat_mean_and_observation_coverage,0.38279661536216736,False,yield,0.024144724766413397,1.0,0.13874999999999996,,
RX-W01--P--safety_constrained_optimization--Opaque,RX,P,optimization,12,Opaque,RX-W01,True,0.8,five_repeat_mean_and_observation_coverage,0.2858060598373413,False,byproduct_signal,0.2683349213997523,0.16666666666666666,0.29583333333333334,,
RX-W01--P--safety_constrained_optimization--Opaque,RX,P,optimization,12,Opaque,RX-W01,True,0.8,five_repeat_mean_and_observation_coverage,0.2858060598373413,False,conversion,0.016282512267430632,1.0,0.11666666666666667,,
RX-W01--P--safety_constrained_optimization--Opaque,RX,P,optimization,12,Opaque,RX-W01,True,0.8,five_repeat_mean_and_observation_coverage,0.2858060598373413,False,safety_risk,0.08528600588440895,0.5,0.185,,
RX-W01--P--safety_constrained_optimization--Opaque,RX,P,optimization,12,Opaque,RX-W01,True,0.8,five_repeat_mean_and_observation_coverage,0.2858060598373413,False,score,0.19842829764882722,0.0,0.1475,,
RX-W01--P--safety_constrained_optimization--Opaque,RX,P,optimization,12,Opaque,RX-W01,True,0.8,five_repeat_mean_and_observation_coverage,0.2858060598373413,False,selectivity,0.2950096535682678,0.08333333333333333,0.265,,
RX-W01--P--safety_constrained_optimization--Opaque,RX,P,optimization,12,Opaque,RX-W01,True,0.8,five_repeat_mean_and_observation_coverage,0.2858060598373413,False,yield,0.2925937191645304,0.05,0.25916666666666666,,
RX-W01--P--safety_constrained_optimization--Aligned,RX,P,optimization,12,Aligned,RX-W01,True,0.8,five_repeat_mean_and_observation_coverage,0.4102303981781006,False,byproduct_signal,0.04596479213237762,1.0,0.20958333333333332,,
RX-W01--P--safety_constrained_optimization--Aligned,RX,P,optimization,12,Aligned,RX-W01,True,0.8,five_repeat_mean_and_observation_coverage,0.4102303981781006,False,conversion,0.004746772209803259,1.0,0.07791666666666669,,
RX-W01--P--safety_constrained_optimization--Aligned,RX,P,optimization,12,Aligned,RX-W01,True,0.8,five_repeat_mean_and_observation_coverage,0.4102303981781006,False,safety_risk,0.03042084518074989,0.9166666666666666,0.11108333333333334,,
RX-W01--P--safety_constrained_optimization--Aligned,RX,P,optimization,12,Aligned,RX-W01,True,0.8,five_repeat_mean_and_observation_coverage,0.4102303981781006,False,score,0.06498998448252677,0.8333333333333334,0.17833333333333334,,
RX-W01--P--safety_constrained_optimization--Aligned,RX,P,optimization,12,Aligned,RX-W01,True,0.8,five_repeat_mean_and_observation_coverage,0.4102303981781006,False,selectivity,0.06721627283096311,0.9333333333333333,0.24333333333333332,,
RX-W01--P--safety_constrained_optimization--Aligned,RX,P,optimization,12,Aligned,RX-W01,True,0.8,five_repeat_mean_and_observation_coverage,0.4102303981781006,False,yield,0.07410426886876421,0.7833333333333333,0.23374999999999999,,
RX-W01--P--safety_constrained_optimization--MisIndexed,RX,P,optimization,12,MisIndexed,RX-W01,True,0.8,five_repeat_mean_and_observation_coverage,0.34871119260787964,False,byproduct_signal,0.10317614354689918,0.43333333333333335,0.20966666666666667,,
RX-W01--P--safety_constrained_optimization--MisIndexed,RX,P,optimization,12,MisIndexed,RX-W01,True,0.8,five_repeat_mean_and_observation_coverage,0.34871119260787964,False,conversion,0.07667521953582764,0.6,0.10083333333333333,,
RX-W01--P--safety_constrained_optimization--MisIndexed,RX,P,optimization,12,MisIndexed,RX-W01,True,0.8,five_repeat_mean_and_observation_coverage,0.34871119260787964,False,safety_risk,0.052287460595369345,0.75,0.05416666666666666,,
RX-W01--P--safety_constrained_optimization--MisIndexed,RX,P,optimization,12,MisIndexed,RX-W01,True,0.8,five_repeat_mean_and_observation_coverage,0.34871119260787964,False,score,0.08842829764882722,0.55,0.1605,,
RX-W01--P--safety_constrained_optimization--MisIndexed,RX,P,optimization,12,MisIndexed,RX-W01,True,0.8,five_repeat_mean_and_observation_coverage,0.34871119260787964,False,selectivity,0.10671627283096312,0.48333333333333334,0.2109166666666666,,
RX-W01--P--safety_constrained_optimization--MisIndexed,RX,P,optimization,12,MisIndexed,RX-W01,True,0.8,five_repeat_mean_and_observation_coverage,0.34871119260787964,False,yield,0.10875426665941874,0.6833333333333333,0.23816666666666667,,
RX-W01--S--mechanism_discovery--Opaque,RX,S,discovery,12,Opaque,RX-W01,True,0.8,five_repeat_mean_and_observation_coverage,0.2874291241168976,True,byproduct_signal,0.11613518489400544,0.9166666666666666,0.3775,,
RX-W01--S--mechanism_discovery--Opaque,RX,S,discovery,12,Opaque,RX-W01,True,0.8,five_repeat_mean_and_observation_coverage,0.2874291241168976,True,conversion,0.03451508200168611,1.0,0.21333333333333335,,
RX-W01--S--mechanism_discovery--Opaque,RX,S,discovery,12,Opaque,RX-W01,True,0.8,five_repeat_mean_and_observation_coverage,0.2874291241168976,True,safety_risk,0.06704004406929016,0.8333333333333334,0.24250000000000002,,
RX-W01--S--mechanism_discovery--Opaque,RX,S,discovery,12,Opaque,RX-W01,True,0.8,five_repeat_mean_and_observation_coverage,0.2874291241168976,True,score,0.08377778527885675,0.65,0.19416666666666668,,
RX-W01--S--mechanism_discovery--Opaque,RX,S,discovery,12,Opaque,RX-W01,True,0.8,five_repeat_mean_and_observation_coverage,0.2874291241168976,True,selectivity,0.12589919844269754,0.9166666666666666,0.3608333333333334,,
RX-W01--S--mechanism_discovery--Opaque,RX,S,discovery,12,Opaque,RX-W01,True,0.8,five_repeat_mean_and_observation_coverage,0.2874291241168976,True,yield,0.12434405925869942,0.9166666666666666,0.3641666666666667,,
RX-W01--S--mechanism_discovery--Aligned,RX,S,discovery,12,Aligned,RX-W01,True,0.8,five_repeat_mean_and_observation_coverage,0.30490636825561523,False,byproduct_signal,0.09757198378443717,0.6666666666666666,0.22833333333333333,,
RX-W01--S--mechanism_discovery--Aligned,RX,S,discovery,12,Aligned,RX-W01,True,0.8,five_repeat_mean_and_observation_coverage,0.30490636825561523,False,conversion,0.03174198806285858,0.9333333333333333,0.105,,
RX-W01--S--mechanism_discovery--Aligned,RX,S,discovery,12,Aligned,RX-W01,True,0.8,five_repeat_mean_and_observation_coverage,0.30490636825561523,False,safety_risk,0.058530138432979585,0.5,0.12916666666666668,,
RX-W01--S--mechanism_discovery--Aligned,RX,S,discovery,12,Aligned,RX-W01,True,0.8,five_repeat_mean_and_observation_coverage,0.30490636825561523,False,score,0.060728815930585066,0.6666666666666666,0.16333333333333336,,
RX-W01--S--mechanism_discovery--Aligned,RX,S,discovery,12,Aligned,RX-W01,True,0.8,five_repeat_mean_and_observation_coverage,0.30490636825561523,False,selectivity,0.09410882319013276,0.7333333333333333,0.2341666666666667,,
RX-W01--S--mechanism_discovery--Aligned,RX,S,discovery,12,Aligned,RX-W01,True,0.8,five_repeat_mean_and_observation_coverage,0.30490636825561523,False,yield,0.07756188616156577,0.8333333333333334,0.24833333333333335,,
RX-W01--S--mechanism_discovery--MisIndexed,RX,S,discovery,12,MisIndexed,RX-W01,True,0.8,five_repeat_mean_and_observation_coverage,0.3127504587173462,False,byproduct_signal,0.10955477957924205,0.7166666666666667,0.29916666666666664,,
RX-W01--S--mechanism_discovery--MisIndexed,RX,S,discovery,12,MisIndexed,RX-W01,True,0.8,five_repeat_mean_and_observation_coverage,0.3127504587173462,False,conversion,0.01646031328042347,1.0,0.12500000000000003,,
RX-W01--S--mechanism_discovery--MisIndexed,RX,S,discovery,12,MisIndexed,RX-W01,True,0.8,five_repeat_mean_and_observation_coverage,0.3127504587173462,False,safety_risk,0.08472951064507167,0.5,0.20833333333333334,,
RX-W01--S--mechanism_discovery--MisIndexed,RX,S,discovery,12,MisIndexed,RX-W01,True,0.8,five_repeat_mean_and_observation_coverage,0.3127504587173462,False,score,0.0952897108172377,0.43333333333333335,0.16666666666666666,,
RX-W01--S--mechanism_discovery--MisIndexed,RX,S,discovery,12,MisIndexed,RX-W01,True,0.8,five_repeat_mean_and_observation_coverage,0.3127504587173462,False,selectivity,0.12751043354471522,0.6,0.25833333333333336,,
RX-W01--S--mechanism_discovery--MisIndexed,RX,S,discovery,12,MisIndexed,RX-W01,True,0.8,five_repeat_mean_and_observation_coverage,0.3127504587173462,False,yield,0.12030003274480501,0.7333333333333333,0.26808333333333334,,
RX-W01--S--safety_constrained_optimization--Opaque,RX,S,optimization,12,Opaque,RX-W01,True,0.8,five_repeat_mean_and_observation_coverage,0.23886699974536896,False,byproduct_signal,0.14230104352037112,0.5833333333333334,0.29916666666666664,,
RX-W01--S--safety_constrained_optimization--Opaque,RX,S,optimization,12,Opaque,RX-W01,True,0.8,five_repeat_mean_and_observation_coverage,0.23886699974536896,False,conversion,0.034125469724337255,0.9166666666666666,0.13083333333333336,,
RX-W01--S--safety_constrained_optimization--Opaque,RX,S,optimization,12,Opaque,RX-W01,True,0.8,five_repeat_mean_and_observation_coverage,0.23886699974536896,False,safety_risk,0.08997037410736085,0.4166666666666667,0.1575,,
RX-W01--S--safety_constrained_optimization--Opaque,RX,S,optimization,12,Opaque,RX-W01,True,0.8,five_repeat_mean_and_observation_coverage,0.23886699974536896,False,score,0.09961111861219009,0.4166666666666667,0.14916666666666664,,
RX-W01--S--safety_constrained_optimization--Opaque,RX,S,optimization,12,Opaque,RX-W01,True,0.8,five_repeat_mean_and_observation_coverage,0.23886699974536896,False,selectivity,0.14158285791675249,0.6666666666666666,0.2683333333333333,,
RX-W01--S--safety_constrained_optimization--Opaque,RX,S,optimization,12,Opaque,RX-W01,True,0.8,five_repeat_mean_and_observation_coverage,0.23886699974536896,False,yield,0.12344526295860608,0.6666666666666666,0.26999999999999996,,
RX-W01--S--safety_constrained_optimization--Aligned,RX,S,optimization,12,Aligned,RX-W01,True,0.8,five_repeat_mean_and_observation_coverage,0.2867403030395508,False,byproduct_signal,0.0900500298043092,0.9666666666666667,0.4041666666666667,,
RX-W01--S--safety_constrained_optimization--Aligned,RX,S,optimization,12,Aligned,RX-W01,True,0.8,five_repeat_mean_and_observation_coverage,0.2867403030395508,False,conversion,0.032164206306139635,1.0,0.18416666666666667,,
RX-W01--S--safety_constrained_optimization--Aligned,RX,S,optimization,12,Aligned,RX-W01,True,0.8,five_repeat_mean_and_observation_coverage,0.2867403030395508,False,safety_risk,0.07724200318257014,0.75,0.2733333333333333,,
RX-W01--S--safety_constrained_optimization--Aligned,RX,S,optimization,12,Aligned,RX-W01,True,0.8,five_repeat_mean_and_observation_coverage,0.2867403030395508,False,score,0.08019530657678843,0.8333333333333334,0.23,,
RX-W01--S--safety_constrained_optimization--Aligned,RX,S,optimization,12,Aligned,RX-W01,True,0.8,five_repeat_mean_and_observation_coverage,0.2867403030395508,False,selectivity,0.09982732807596524,0.9166666666666666,0.38666666666666666,,
RX-W01--S--safety_constrained_optimization--Aligned,RX,S,optimization,12,Aligned,RX-W01,True,0.8,five_repeat_mean_and_observation_coverage,0.2867403030395508,False,yield,0.07519822880625725,1.0,0.39666666666666667,,
RX-W01--S--safety_constrained_optimization--MisIndexed,RX,S,optimization,12,MisIndexed,RX-W01,True,0.8,five_repeat_mean_and_observation_coverage,0.28673055768013,True,byproduct_signal,0.07333043151100477,1.0,0.3491666666666667,,
RX-W01--S--safety_constrained_optimization--MisIndexed,RX,S,optimization,12,MisIndexed,RX-W01,True,0.8,five_repeat_mean_and_observation_coverage,0.28673055768013,True,conversion,0.030664206306139637,1.0,0.17333333333333334,,
RX-W01--S--safety_constrained_optimization--MisIndexed,RX,S,optimization,12,MisIndexed,RX-W01,True,0.8,five_repeat_mean_and_observation_coverage,0.28673055768013,True,safety_risk,0.20663704077402753,0.0,0.14250000000000002,,
RX-W01--S--safety_constrained_optimization--MisIndexed,RX,S,optimization,12,MisIndexed,RX-W01,True,0.8,five_repeat_mean_and_observation_coverage,0.28673055768013,True,score,0.05179152436802784,1.0,0.2558333333333333,,
RX-W01--S--safety_constrained_optimization--MisIndexed,RX,S,optimization,12,MisIndexed,RX-W01,True,0.8,five_repeat_mean_and_observation_coverage,0.28673055768013,True,selectivity,0.08134376687804859,0.8333333333333334,0.3425,,
RX-W01--S--safety_constrained_optimization--MisIndexed,RX,S,optimization,12,MisIndexed,RX-W01,True,0.8,five_repeat_mean_and_observation_coverage,0.28673055768013,True,yield,0.06142882530887921,0.9666666666666667,0.35,,
RX-W02--P--mechanism_discovery--Opaque,RX,P,discovery,12,Opaque,RX-W02,True,0.8,five_repeat_mean_and_observation_coverage,0.20585893094539642,False,byproduct_signal,0.10346174264947573,0.65,0.2333333333333333,,
RX-W02--P--mechanism_discovery--Opaque,RX,P,discovery,12,Opaque,RX-W02,True,0.8,five_repeat_mean_and_observation_coverage,0.20585893094539642,False,conversion,0.07254363497098287,0.8333333333333334,0.17666666666666667,,
RX-W02--P--mechanism_discovery--Opaque,RX,P,discovery,12,Opaque,RX-W02,True,0.8,five_repeat_mean_and_observation_coverage,0.20585893094539642,False,safety_risk,0.06572744304935137,0.6666666666666666,0.13916666666666666,,
RX-W02--P--mechanism_discovery--Opaque,RX,P,discovery,12,Opaque,RX-W02,True,0.8,five_repeat_mean_and_observation_coverage,0.20585893094539642,False,score,0.15368402065957587,0.08333333333333333,0.13,,
RX-W02--P--mechanism_discovery--Opaque,RX,P,discovery,12,Opaque,RX-W02,True,0.8,five_repeat_mean_and_observation_coverage,0.20585893094539642,False,selectivity,0.1503387929995855,0.16666666666666666,0.22083333333333335,,
RX-W02--P--mechanism_discovery--Opaque,RX,P,discovery,12,Opaque,RX-W02,True,0.8,five_repeat_mean_and_observation_coverage,0.20585893094539642,False,yield,0.15820131490627923,0.08333333333333333,0.19,,
RX-W02--P--mechanism_discovery--Aligned,RX,P,discovery,12,Aligned,RX-W02,True,0.8,five_repeat_mean_and_observation_coverage,0.4162920117378235,False,byproduct_signal,0.037873028169075625,1.0,0.23749999999999996,,
RX-W02--P--mechanism_discovery--Aligned,RX,P,discovery,12,Aligned,RX-W02,True,0.8,five_repeat_mean_and_observation_coverage,0.4162920117378235,False,conversion,0.009133867661158248,1.0,0.14625000000000002,,
RX-W02--P--mechanism_discovery--Aligned,RX,P,discovery,12,Aligned,RX-W02,True,0.8,five_repeat_mean_and_observation_coverage,0.4162920117378235,False,safety_risk,0.01043018675843875,0.9166666666666666,0.07166666666666667,,
RX-W02--P--mechanism_discovery--Aligned,RX,P,discovery,12,Aligned,RX-W02,True,0.8,five_repeat_mean_and_observation_coverage,0.4162920117378235,False,score,0.026391571818540502,1.0,0.17875,,
RX-W02--P--mechanism_discovery--Aligned,RX,P,discovery,12,Aligned,RX-W02,True,0.8,five_repeat_mean_and_observation_coverage,0.4162920117378235,False,selectivity,0.0452828135093053,1.0,0.245,,
RX-W02--P--mechanism_discovery--Aligned,RX,P,discovery,12,Aligned,RX-W02,True,0.8,five_repeat_mean_and_observation_coverage,0.4162920117378235,False,yield,0.03706574521462124,1.0,0.23333333333333334,,
RX-W02--P--mechanism_discovery--MisIndexed,RX,P,discovery,12,MisIndexed,RX-W02,True,0.8,five_repeat_mean_and_observation_coverage,0.4115024209022522,True,byproduct_signal,0.05837524919708569,0.9166666666666666,0.21666666666666667,,
RX-W02--P--mechanism_discovery--MisIndexed,RX,P,discovery,12,MisIndexed,RX-W02,True,0.8,five_repeat_mean_and_observation_coverage,0.4115024209022522,True,conversion,0.0095440971851349,1.0,0.1525,,
RX-W02--P--mechanism_discovery--MisIndexed,RX,P,discovery,12,MisIndexed,RX-W02,True,0.8,five_repeat_mean_and_observation_coverage,0.4115024209022522,True,safety_risk,0.012054680317640306,1.0,0.08008333333333333,,
RX-W02--P--mechanism_discovery--MisIndexed,RX,P,discovery,12,MisIndexed,RX-W02,True,0.8,five_repeat_mean_and_observation_coverage,0.4115024209022522,True,score,0.03849176070963344,0.9166666666666666,0.16416666666666666,,
RX-W02--P--mechanism_discovery--MisIndexed,RX,P,discovery,12,MisIndexed,RX-W02,True,0.8,five_repeat_mean_and_observation_coverage,0.4115024209022522,True,selectivity,0.06094948017597196,0.9166666666666666,0.20166666666666666,,
RX-W02--P--mechanism_discovery--MisIndexed,RX,P,discovery,12,MisIndexed,RX-W02,True,0.8,five_repeat_mean_and_observation_coverage,0.4115024209022522,True,yield,0.054845232427120215,0.9166666666666666,0.21833333333333335,,
RX-W02--P--safety_constrained_optimization--Opaque,RX,P,optimization,12,Opaque,RX-W02,True,0.8,five_repeat_mean_and_observation_coverage,0.2161441296339035,True,byproduct_signal,0.09795725827415784,1.0,0.33,,
RX-W02--P--safety_constrained_optimization--Opaque,RX,P,optimization,12,Opaque,RX-W02,True,0.8,five_repeat_mean_and_observation_coverage,0.2161441296339035,True,conversion,0.05046030163764955,1.0,0.2641666666666667,,
RX-W02--P--safety_constrained_optimization--Opaque,RX,P,optimization,12,Opaque,RX-W02,True,0.8,five_repeat_mean_and_observation_coverage,0.2161441296339035,True,safety_risk,0.07619035676121712,0.75,0.21583333333333332,,
RX-W02--P--safety_constrained_optimization--Opaque,RX,P,optimization,12,Opaque,RX-W02,True,0.8,five_repeat_mean_and_observation_coverage,0.2161441296339035,True,score,0.10468402065957587,0.3333333333333333,0.16541666666666668,,
RX-W02--P--safety_constrained_optimization--Opaque,RX,P,optimization,12,Opaque,RX-W02,True,0.8,five_repeat_mean_and_observation_coverage,0.2161441296339035,True,selectivity,0.14575545966625214,0.5,0.2983333333333333,,
RX-W02--P--safety_constrained_optimization--Opaque,RX,P,optimization,12,Opaque,RX-W02,True,0.8,five_repeat_mean_and_observation_coverage,0.2161441296339035,True,yield,0.15653464823961258,0.25,0.27166666666666667,,
RX-W02--P--safety_constrained_optimization--Aligned,RX,P,optimization,12,Aligned,RX-W02,True,0.8,five_repeat_mean_and_observation_coverage,0.3619143068790436,False,byproduct_signal,0.07020858253041902,0.6,0.19666666666666666,,
RX-W02--P--safety_constrained_optimization--Aligned,RX,P,optimization,12,Aligned,RX-W02,True,0.8,five_repeat_mean_and_observation_coverage,0.3619143068790436,False,conversion,0.027648674249649036,0.9333333333333333,0.17616666666666664,,
RX-W02--P--safety_constrained_optimization--Aligned,RX,P,optimization,12,Aligned,RX-W02,True,0.8,five_repeat_mean_and_observation_coverage,0.3619143068790436,False,safety_risk,0.0977982401351134,0.16666666666666666,0.12333333333333332,,
RX-W02--P--safety_constrained_optimization--Aligned,RX,P,optimization,12,Aligned,RX-W02,True,0.8,five_repeat_mean_and_observation_coverage,0.3619143068790436,False,score,0.032609837173173825,1.0,0.16083333333333333,,
RX-W02--P--safety_constrained_optimization--Aligned,RX,P,optimization,12,Aligned,RX-W02,True,0.8,five_repeat_mean_and_observation_coverage,0.3619143068790436,False,selectivity,0.05190848370393116,0.8333333333333334,0.2075,,
RX-W02--P--safety_constrained_optimization--Aligned,RX,P,optimization,12,Aligned,RX-W02,True,0.8,five_repeat_mean_and_observation_coverage,0.3619143068790436,False,yield,0.03228294859329858,1.0,0.22166666666666668,,
RX-W02--P--safety_constrained_optimization--MisIndexed,RX,P,optimization,12,MisIndexed,RX-W02,True,0.8,five_repeat_mean_and_observation_coverage,0.3753693103790283,False,byproduct_signal,0.05445660715301832,0.9166666666666666,0.31333333333333335,,
RX-W02--P--safety_constrained_optimization--MisIndexed,RX,P,optimization,12,MisIndexed,RX-W02,True,0.8,five_repeat_mean_and_observation_coverage,0.3753693103790283,False,conversion,0.07004363497098286,0.9,0.315,,
RX-W02--P--safety_constrained_optimization--MisIndexed,RX,P,optimization,12,MisIndexed,RX-W02,True,0.8,five_repeat_mean_and_observation_coverage,0.3753693103790283,False,safety_risk,0.04519710515936216,0.9166666666666666,0.19083333333333333,,
RX-W02--P--safety_constrained_optimization--MisIndexed,RX,P,optimization,12,MisIndexed,RX-W02,True,0.8,five_repeat_mean_and_observation_coverage,0.3753693103790283,False,score,0.04066464064642788,1.0,0.2258333333333333,,
RX-W02--P--safety_constrained_optimization--MisIndexed,RX,P,optimization,12,MisIndexed,RX-W02,True,0.8,five_repeat_mean_and_observation_coverage,0.3753693103790283,False,selectivity,0.05996323307355245,0.9166666666666666,0.29083333333333333,,
RX-W02--P--safety_constrained_optimization--MisIndexed,RX,P,optimization,12,MisIndexed,RX-W02,True,0.8,five_repeat_mean_and_observation_coverage,0.3753693103790283,False,yield,0.06325469106435776,1.0,0.29333333333333333,,
RX-W02--S--mechanism_discovery--Opaque,RX,S,discovery,12,Opaque,RX-W02,True,0.8,five_repeat_mean_and_observation_coverage,0.16118070483207703,False,byproduct_signal,0.09187546198566755,0.8166666666666667,0.3025,,
RX-W02--S--mechanism_discovery--Opaque,RX,S,discovery,12,Opaque,RX-W02,True,0.8,five_repeat_mean_and_observation_coverage,0.16118070483207703,False,conversion,0.013452480375766745,1.0,0.1875,,
RX-W02--S--mechanism_discovery--Opaque,RX,S,discovery,12,Opaque,RX-W02,True,0.8,five_repeat_mean_and_observation_coverage,0.16118070483207703,False,safety_risk,0.06351388598481815,0.75,0.1875,,
RX-W02--S--mechanism_discovery--Opaque,RX,S,discovery,12,Opaque,RX-W02,True,0.8,five_repeat_mean_and_observation_coverage,0.16118070483207703,False,score,0.03364507065573707,1.0,0.18583333333333335,,
RX-W02--S--mechanism_discovery--Opaque,RX,S,discovery,12,Opaque,RX-W02,True,0.8,five_repeat_mean_and_observation_coverage,0.16118070483207703,False,selectivity,0.10066203624010088,0.5833333333333334,0.2916666666666667,,
RX-W02--S--mechanism_discovery--Opaque,RX,S,discovery,12,Opaque,RX-W02,True,0.8,five_repeat_mean_and_observation_coverage,0.16118070483207703,False,yield,0.08687720964352291,0.8333333333333334,0.295,,
RX-W02--S--mechanism_discovery--Aligned,RX,S,discovery,12,Aligned,RX-W02,True,0.8,five_repeat_mean_and_observation_coverage,0.20827056467533112,False,byproduct_signal,0.061780670831600826,0.9833333333333333,0.3091666666666667,,
RX-W02--S--mechanism_discovery--Aligned,RX,S,discovery,12,Aligned,RX-W02,True,0.8,five_repeat_mean_and_observation_coverage,0.20827056467533112,False,conversion,0.016696355283260356,1.0,0.18250000000000002,,
RX-W02--S--mechanism_discovery--Aligned,RX,S,discovery,12,Aligned,RX-W02,True,0.8,five_repeat_mean_and_observation_coverage,0.20827056467533112,False,safety_risk,0.068431721975406,0.6666666666666666,0.17916666666666667,,
RX-W02--S--mechanism_discovery--Aligned,RX,S,discovery,12,Aligned,RX-W02,True,0.8,five_repeat_mean_and_observation_coverage,0.20827056467533112,False,score,0.058646589720156045,0.65,0.13125,,
RX-W02--S--mechanism_discovery--Aligned,RX,S,discovery,12,Aligned,RX-W02,True,0.8,five_repeat_mean_and_observation_coverage,0.20827056467533112,False,selectivity,0.10326036890347799,0.8,0.2641666666666667,,
RX-W02--S--mechanism_discovery--Aligned,RX,S,discovery,12,Aligned,RX-W02,True,0.8,five_repeat_mean_and_observation_coverage,0.20827056467533112,False,yield,0.08554796010255815,0.8666666666666667,0.23666666666666666,,
RX-W02--S--mechanism_discovery--MisIndexed,RX,S,discovery,12,MisIndexed,RX-W02,True,0.8,five_repeat_mean_and_observation_coverage,0.2503103017807007,False,byproduct_signal,0.09091291061043742,0.5833333333333334,0.21249999999999997,,
RX-W02--S--mechanism_discovery--MisIndexed,RX,S,discovery,12,MisIndexed,RX-W02,True,0.8,five_repeat_mean_and_observation_coverage,0.2503103017807007,False,conversion,0.02308662209908169,1.0,0.15083333333333335,,
RX-W02--S--mechanism_discovery--MisIndexed,RX,S,discovery,12,MisIndexed,RX-W02,True,0.8,five_repeat_mean_and_observation_coverage,0.2503103017807007,False,safety_risk,0.12268326992789906,0.5833333333333334,0.24333333333333332,,
RX-W02--S--mechanism_discovery--MisIndexed,RX,S,discovery,12,MisIndexed,RX-W02,True,0.8,five_repeat_mean_and_observation_coverage,0.2503103017807007,False,score,0.04219480697670951,0.7833333333333333,0.11041666666666668,,
RX-W02--S--mechanism_discovery--MisIndexed,RX,S,discovery,12,MisIndexed,RX-W02,True,0.8,five_repeat_mean_and_observation_coverage,0.2503103017807007,False,selectivity,0.10816203624010085,0.5666666666666667,0.22333333333333333,,
RX-W02--S--mechanism_discovery--MisIndexed,RX,S,discovery,12,MisIndexed,RX-W02,True,0.8,five_repeat_mean_and_observation_coverage,0.2503103017807007,False,yield,0.0921272096435229,0.48333333333333334,0.21416666666666667,,
RX-W02--S--safety_constrained_optimization--Opaque,RX,S,optimization,12,Opaque,RX-W02,True,0.8,five_repeat_mean_and_observation_coverage,0.22201894223690033,False,byproduct_signal,0.1158749863008658,0.8333333333333334,0.3416666666666667,,
RX-W02--S--safety_constrained_optimization--Opaque,RX,S,optimization,12,Opaque,RX-W02,True,0.8,five_repeat_mean_and_observation_coverage,0.22201894223690033,False,conversion,0.058167010764280956,0.85,0.17208333333333334,,
RX-W02--S--safety_constrained_optimization--Opaque,RX,S,optimization,12,Opaque,RX-W02,True,0.8,five_repeat_mean_and_observation_coverage,0.22201894223690033,False,safety_risk,0.11424896584947904,0.08333333333333333,0.10883333333333334,,
RX-W02--S--safety_constrained_optimization--Opaque,RX,S,optimization,12,Opaque,RX-W02,True,0.8,five_repeat_mean_and_observation_coverage,0.22201894223690033,False,score,0.055447385314696784,0.75,0.11466666666666667,,
RX-W02--S--safety_constrained_optimization--Opaque,RX,S,optimization,12,Opaque,RX-W02,True,0.8,five_repeat_mean_and_observation_coverage,0.22201894223690033,False,selectivity,0.12194798370202382,0.5833333333333334,0.23750000000000002,,
RX-W02--S--safety_constrained_optimization--Opaque,RX,S,optimization,12,Opaque,RX-W02,True,0.8,five_repeat_mean_and_observation_coverage,0.22201894223690033,False,yield,0.09799213767051697,0.75,0.22666666666666666,,
RX-W02--S--safety_constrained_optimization--Aligned,RX,S,optimization,12,Aligned,RX-W02,True,0.8,five_repeat_mean_and_observation_coverage,0.2564637064933777,False,byproduct_signal,0.10124322220683098,0.6666666666666666,0.2733333333333333,,
RX-W02--S--safety_constrained_optimization--Aligned,RX,S,optimization,12,Aligned,RX-W02,True,0.8,five_repeat_mean_and_observation_coverage,0.2564637064933777,False,conversion,0.06437282417217893,0.8166666666666667,0.16916666666666666,,
RX-W02--S--safety_constrained_optimization--Aligned,RX,S,optimization,12,Aligned,RX-W02,True,0.8,five_repeat_mean_and_observation_coverage,0.2564637064933777,False,safety_risk,0.09042697911461194,0.75,0.24000000000000002,,
RX-W02--S--safety_constrained_optimization--Aligned,RX,S,optimization,12,Aligned,RX-W02,True,0.8,five_repeat_mean_and_observation_coverage,0.2564637064933777,False,score,0.06463523957341288,0.4166666666666667,0.08895833333333333,,
RX-W02--S--safety_constrained_optimization--Aligned,RX,S,optimization,12,Aligned,RX-W02,True,0.8,five_repeat_mean_and_observation_coverage,0.2564637064933777,False,selectivity,0.10986465036869048,0.6666666666666666,0.24083333333333332,,
RX-W02--S--safety_constrained_optimization--Aligned,RX,S,optimization,12,Aligned,RX-W02,True,0.8,five_repeat_mean_and_observation_coverage,0.2564637064933777,False,yield,0.07510341882705689,0.8333333333333334,0.2175,,
RX-W02--S--safety_constrained_optimization--MisIndexed,RX,S,optimization,12,MisIndexed,RX-W02,True,0.8,five_repeat_mean_and_observation_coverage,0.22921176254749298,False,byproduct_signal,0.1712916529675325,0.31666666666666665,0.22916666666666666,,
RX-W02--S--safety_constrained_optimization--MisIndexed,RX,S,optimization,12,MisIndexed,RX-W02,True,0.8,five_repeat_mean_and_observation_coverage,0.22921176254749298,False,conversion,0.06338215980927149,0.6666666666666666,0.13,,
RX-W02--S--safety_constrained_optimization--MisIndexed,RX,S,optimization,12,MisIndexed,RX-W02,True,0.8,five_repeat_mean_and_observation_coverage,0.22921176254749298,False,safety_risk,0.05756107315421105,0.5833333333333334,0.1175,,
RX-W02--S--safety_constrained_optimization--MisIndexed,RX,S,optimization,12,MisIndexed,RX-W02,True,0.8,five_repeat_mean_and_observation_coverage,0.22921176254749298,False,score,0.07299567838866884,0.5833333333333334,0.08508333333333334,,
RX-W02--S--safety_constrained_optimization--MisIndexed,RX,S,optimization,12,MisIndexed,RX-W02,True,0.8,five_repeat_mean_and_observation_coverage,0.22921176254749298,False,selectivity,0.16597454011440277,0.35,0.21666666666666667,,
RX-W02--S--safety_constrained_optimization--MisIndexed,RX,S,optimization,12,MisIndexed,RX-W02,True,0.8,five_repeat_mean_and_observation_coverage,0.22921176254749298,False,yield,0.12020827422539393,0.5166666666666667,0.21,,
RX-W03--P--mechanism_discovery--Opaque,RX,P,discovery,12,Opaque,RX-W03,True,0.8,five_repeat_mean_and_observation_coverage,0.34878331422805786,True,byproduct_signal,0.12182884499430656,0.9833333333333333,0.3741666666666667,,
RX-W03--P--mechanism_discovery--Opaque,RX,P,discovery,12,Opaque,RX-W03,True,0.8,five_repeat_mean_and_observation_coverage,0.34878331422805786,True,conversion,0.005133067011833183,1.0,0.05541666666666668,,
RX-W03--P--mechanism_discovery--Opaque,RX,P,discovery,12,Opaque,RX-W03,True,0.8,five_repeat_mean_and_observation_coverage,0.34878331422805786,True,safety_risk,0.10694449573755264,0.5833333333333334,0.25166666666666665,,
RX-W03--P--mechanism_discovery--Opaque,RX,P,discovery,12,Opaque,RX-W03,True,0.8,five_repeat_mean_and_observation_coverage,0.34878331422805786,True,score,0.14166084096829099,0.26666666666666666,0.19,,
RX-W03--P--mechanism_discovery--Opaque,RX,P,discovery,12,Opaque,RX-W03,True,0.8,five_repeat_mean_and_observation_coverage,0.34878331422805786,True,selectivity,0.18448620925347012,0.38333333333333336,0.32083333333333336,,
RX-W03--P--mechanism_discovery--Opaque,RX,P,discovery,12,Opaque,RX-W03,True,0.8,five_repeat_mean_and_observation_coverage,0.34878331422805786,True,yield,0.19631919662157696,0.21666666666666667,0.32166666666666666,,
RX-W03--P--mechanism_discovery--Aligned,RX,P,discovery,12,Aligned,RX-W03,True,0.8,five_repeat_mean_and_observation_coverage,0.4896930456161499,True,byproduct_signal,0.22220555320382118,0.16666666666666666,0.23249999999999998,,
RX-W03--P--mechanism_discovery--Aligned,RX,P,discovery,12,Aligned,RX-W03,True,0.8,five_repeat_mean_and_observation_coverage,0.4896930456161499,True,conversion,0.04238724195957184,0.6,0.13416666666666666,,
RX-W03--P--mechanism_discovery--Aligned,RX,P,discovery,12,Aligned,RX-W03,True,0.8,five_repeat_mean_and_observation_coverage,0.4896930456161499,True,safety_risk,0.028785384297370906,1.0,0.16666666666666666,,
RX-W03--P--mechanism_discovery--Aligned,RX,P,discovery,12,Aligned,RX-W03,True,0.8,five_repeat_mean_and_observation_coverage,0.4896930456161499,True,score,0.12458915903170903,0.4166666666666667,0.23833333333333334,,
RX-W03--P--mechanism_discovery--Aligned,RX,P,discovery,12,Aligned,RX-W03,True,0.8,five_repeat_mean_and_observation_coverage,0.4896930456161499,True,selectivity,0.21384712407986325,0.2,0.23249999999999998,,
RX-W03--P--mechanism_discovery--Aligned,RX,P,discovery,12,Aligned,RX-W03,True,0.8,five_repeat_mean_and_observation_coverage,0.4896930456161499,True,yield,0.16770584702491761,0.4166666666666667,0.2616666666666666,,
RX-W03--P--mechanism_discovery--MisIndexed,RX,P,discovery,12,MisIndexed,RX-W03,True,0.8,five_repeat_mean_and_observation_coverage,0.4857689142227173,True,byproduct_signal,0.18553888653715453,0.31666666666666665,0.25,,
RX-W03--P--mechanism_discovery--MisIndexed,RX,P,discovery,12,MisIndexed,RX-W03,True,0.8,five_repeat_mean_and_observation_coverage,0.4857689142227173,True,conversion,0.04151654477914174,0.6333333333333333,0.10666666666666667,,
RX-W03--P--mechanism_discovery--MisIndexed,RX,P,discovery,12,MisIndexed,RX-W03,True,0.8,five_repeat_mean_and_observation_coverage,0.4857689142227173,True,safety_risk,0.08051585266987482,0.5,0.1791666666666667,,
RX-W03--P--mechanism_discovery--MisIndexed,RX,P,discovery,12,MisIndexed,RX-W03,True,0.8,five_repeat_mean_and_observation_coverage,0.4857689142227173,True,score,0.07935080577929814,0.7833333333333333,0.24083333333333334,,
RX-W03--P--mechanism_discovery--MisIndexed,RX,P,discovery,12,MisIndexed,RX-W03,True,0.8,five_repeat_mean_and_observation_coverage,0.4857689142227173,True,selectivity,0.17718045741319657,0.3333333333333333,0.24833333333333335,,
RX-W03--P--mechanism_discovery--MisIndexed,RX,P,discovery,12,MisIndexed,RX-W03,True,0.8,five_repeat_mean_and_observation_coverage,0.4857689142227173,True,yield,0.14103918035825094,0.43333333333333335,0.2525,,
RX-W03--P--safety_constrained_optimization--Opaque,RX,P,optimization,12,Opaque,RX-W03,True,0.8,five_repeat_mean_and_observation_coverage,0.33531004190444946,True,byproduct_signal,0.1769611134628455,0.4166666666666667,0.29083333333333333,,
RX-W03--P--safety_constrained_optimization--Opaque,RX,P,optimization,12,Opaque,RX-W03,True,0.8,five_repeat_mean_and_observation_coverage,0.33531004190444946,True,conversion,0.006744932134946184,1.0,0.05958333333333335,,
RX-W03--P--safety_constrained_optimization--Opaque,RX,P,optimization,12,Opaque,RX-W03,True,0.8,five_repeat_mean_and_observation_coverage,0.33531004190444946,True,safety_risk,0.050662182867527016,0.8333333333333334,0.20083333333333334,,
RX-W03--P--safety_constrained_optimization--Opaque,RX,P,optimization,12,Opaque,RX-W03,True,0.8,five_repeat_mean_and_observation_coverage,0.33531004190444946,True,score,0.12066084096829095,0.25,0.1875,,
RX-W03--P--safety_constrained_optimization--Opaque,RX,P,optimization,12,Opaque,RX-W03,True,0.8,five_repeat_mean_and_observation_coverage,0.33531004190444946,True,selectivity,0.19740287592013675,0.36666666666666664,0.2875,,
RX-W03--P--safety_constrained_optimization--Opaque,RX,P,optimization,12,Opaque,RX-W03,True,0.8,five_repeat_mean_and_observation_coverage,0.33531004190444946,True,yield,0.2042358632882436,0.16666666666666666,0.27749999999999997,,
RX-W03--P--safety_constrained_optimization--Aligned,RX,P,optimization,12,Aligned,RX-W03,True,0.8,five_repeat_mean_and_observation_coverage,0.49179166555404663,True,byproduct_signal,0.07357862358291943,0.75,0.22999999999999998,,
RX-W03--P--safety_constrained_optimization--Aligned,RX,P,optimization,12,Aligned,RX-W03,True,0.8,five_repeat_mean_and_observation_coverage,0.49179166555404663,True,conversion,0.006736457705497717,0.9166666666666666,0.038333333333333344,,
RX-W03--P--safety_constrained_optimization--Aligned,RX,P,optimization,12,Aligned,RX-W03,True,0.8,five_repeat_mean_and_observation_coverage,0.49179166555404663,True,safety_risk,0.11924809410174687,0.6666666666666666,0.14750000000000002,,
RX-W03--P--safety_constrained_optimization--Aligned,RX,P,optimization,12,Aligned,RX-W03,True,0.8,five_repeat_mean_and_observation_coverage,0.49179166555404663,True,score,0.07089573909838993,0.6666666666666666,0.1625,,
RX-W03--P--safety_constrained_optimization--Aligned,RX,P,optimization,12,Aligned,RX-W03,True,0.8,five_repeat_mean_and_observation_coverage,0.49179166555404663,True,selectivity,0.09358121067285537,0.7,0.2341666666666667,,
RX-W03--P--safety_constrained_optimization--Aligned,RX,P,optimization,12,Aligned,RX-W03,True,0.8,five_repeat_mean_and_observation_coverage,0.49179166555404663,True,yield,0.10152702172597251,0.5166666666666667,0.23500000000000001,,
RX-W03--P--safety_constrained_optimization--MisIndexed,RX,P,optimization,12,MisIndexed,RX-W03,True,0.8,five_repeat_mean_and_observation_coverage,0.45796361565589905,True,byproduct_signal,0.2356994564831257,0.4166666666666667,0.16916666666666666,,
RX-W03--P--safety_constrained_optimization--MisIndexed,RX,P,optimization,12,MisIndexed,RX-W03,True,0.8,five_repeat_mean_and_observation_coverage,0.45796361565589905,True,conversion,0.38301752507686615,0.3333333333333333,0.17041666666666666,,
RX-W03--P--safety_constrained_optimization--MisIndexed,RX,P,optimization,12,MisIndexed,RX-W03,True,0.8,five_repeat_mean_and_observation_coverage,0.45796361565589905,True,safety_risk,0.0983243677020073,0.6666666666666666,0.11999999999999998,,
RX-W03--P--safety_constrained_optimization--MisIndexed,RX,P,optimization,12,MisIndexed,RX-W03,True,0.8,five_repeat_mean_and_observation_coverage,0.45796361565589905,True,score,0.12522848298152287,0.5,0.11833333333333335,,
RX-W03--P--safety_constrained_optimization--MisIndexed,RX,P,optimization,12,MisIndexed,RX-W03,True,0.8,five_repeat_mean_and_observation_coverage,0.45796361565589905,True,selectivity,0.24470794131358464,0.5,0.25,,
RX-W03--P--safety_constrained_optimization--MisIndexed,RX,P,optimization,12,MisIndexed,RX-W03,True,0.8,five_repeat_mean_and_observation_coverage,0.45796361565589905,True,yield,0.22555035491784414,0.5,0.16166666666666668,,
RX-W03--S--mechanism_discovery--Opaque,RX,S,discovery,12,Opaque,RX-W03,True,0.8,five_repeat_mean_and_observation_coverage,0.31655386090278625,True,byproduct_signal,0.1267932910720507,0.7,0.3933333333333333,,
RX-W03--S--mechanism_discovery--Opaque,RX,S,discovery,12,Opaque,RX-W03,True,0.8,five_repeat_mean_and_observation_coverage,0.31655386090278625,True,conversion,0.01428564314047496,1.0,0.1325,,
RX-W03--S--mechanism_discovery--Opaque,RX,S,discovery,12,Opaque,RX-W03,True,0.8,five_repeat_mean_and_observation_coverage,0.31655386090278625,True,safety_risk,0.05690887818733851,0.9166666666666666,0.22000000000000003,,
RX-W03--S--mechanism_discovery--Opaque,RX,S,discovery,12,Opaque,RX-W03,True,0.8,five_repeat_mean_and_observation_coverage,0.31655386090278625,True,score,0.039087589119716236,1.0,0.26916666666666667,,
RX-W03--S--mechanism_discovery--Opaque,RX,S,discovery,12,Opaque,RX-W03,True,0.8,five_repeat_mean_and_observation_coverage,0.31655386090278625,True,selectivity,0.11797920351227126,0.8166666666666667,0.38166666666666665,,
RX-W03--S--mechanism_discovery--Opaque,RX,S,discovery,12,Opaque,RX-W03,True,0.8,five_repeat_mean_and_observation_coverage,0.31655386090278625,True,yield,0.10605519125858943,0.9166666666666666,0.4041666666666667,,
RX-W03--S--mechanism_discovery--Aligned,RX,S,discovery,12,Aligned,RX-W03,True,0.8,five_repeat_mean_and_observation_coverage,0.332430362701416,True,byproduct_signal,0.1459599577387174,0.7833333333333333,0.39916666666666667,,
RX-W03--S--mechanism_discovery--Aligned,RX,S,discovery,12,Aligned,RX-W03,True,0.8,five_repeat_mean_and_observation_coverage,0.332430362701416,True,conversion,0.03636015276114146,0.9,0.12083333333333333,,
RX-W03--S--mechanism_discovery--Aligned,RX,S,discovery,12,Aligned,RX-W03,True,0.8,five_repeat_mean_and_observation_coverage,0.332430362701416,True,safety_risk,0.08818428983290989,0.75,0.25416666666666665,,
RX-W03--S--mechanism_discovery--Aligned,RX,S,discovery,12,Aligned,RX-W03,True,0.8,five_repeat_mean_and_observation_coverage,0.332430362701416,True,score,0.06989318674290552,0.7666666666666667,0.22999999999999998,,
RX-W03--S--mechanism_discovery--Aligned,RX,S,discovery,12,Aligned,RX-W03,True,0.8,five_repeat_mean_and_observation_coverage,0.332430362701416,True,selectivity,0.13547920351227125,0.8333333333333334,0.4058333333333334,,
RX-W03--S--mechanism_discovery--Aligned,RX,S,discovery,12,Aligned,RX-W03,True,0.8,five_repeat_mean_and_observation_coverage,0.332430362701416,True,yield,0.11249384731054307,0.9166666666666666,0.41,,
RX-W03--S--mechanism_discovery--MisIndexed,RX,S,discovery,12,MisIndexed,RX-W03,True,0.8,five_repeat_mean_and_observation_coverage,0.3217848539352417,True,byproduct_signal,0.15527872192859649,0.6833333333333333,0.33416666666666667,,
RX-W03--S--mechanism_discovery--MisIndexed,RX,S,discovery,12,MisIndexed,RX-W03,True,0.8,five_repeat_mean_and_observation_coverage,0.3217848539352417,True,conversion,0.017362395962079374,1.0,0.10916666666666669,,
RX-W03--S--mechanism_discovery--MisIndexed,RX,S,discovery,12,MisIndexed,RX-W03,True,0.8,five_repeat_mean_and_observation_coverage,0.3217848539352417,True,safety_risk,0.12935095649957656,0.25,0.13166666666666668,,
RX-W03--S--mechanism_discovery--MisIndexed,RX,S,discovery,12,MisIndexed,RX-W03,True,0.8,five_repeat_mean_and_observation_coverage,0.3217848539352417,True,score,0.07376972198998556,0.9166666666666666,0.21,,
RX-W03--S--mechanism_discovery--MisIndexed,RX,S,discovery,12,MisIndexed,RX-W03,True,0.8,five_repeat_mean_and_observation_coverage,0.3217848539352417,True,selectivity,0.16922095847328503,0.55,0.30666666666666664,,
RX-W03--S--mechanism_discovery--MisIndexed,RX,S,discovery,12,MisIndexed,RX-W03,True,0.8,five_repeat_mean_and_observation_coverage,0.3217848539352417,True,yield,0.16342248019774755,0.5833333333333334,0.29583333333333334,,
RX-W03--S--safety_constrained_optimization--Opaque,RX,S,optimization,12,Opaque,RX-W03,True,0.8,five_repeat_mean_and_observation_coverage,0.3302055895328522,True,byproduct_signal,0.16667678972085317,0.48333333333333334,0.3091666666666667,,
RX-W03--S--safety_constrained_optimization--Opaque,RX,S,optimization,12,Opaque,RX-W03,True,0.8,five_repeat_mean_and_observation_coverage,0.3302055895328522,True,conversion,0.016434023420015986,1.0,0.11333333333333336,,
RX-W03--S--safety_constrained_optimization--Opaque,RX,S,optimization,12,Opaque,RX-W03,True,0.8,five_repeat_mean_and_observation_coverage,0.3302055895328522,True,safety_risk,0.12420202900966008,0.5,0.27166666666666667,,
RX-W03--S--safety_constrained_optimization--Opaque,RX,S,optimization,12,Opaque,RX-W03,True,0.8,five_repeat_mean_and_observation_coverage,0.3302055895328522,True,score,0.1047009158758757,0.55,0.11,,
RX-W03--S--safety_constrained_optimization--Opaque,RX,S,optimization,12,Opaque,RX-W03,True,0.8,five_repeat_mean_and_observation_coverage,0.3302055895328522,True,selectivity,0.1647633450726668,0.55,0.2866666666666667,,
RX-W03--S--safety_constrained_optimization--Opaque,RX,S,optimization,12,Opaque,RX-W03,True,0.8,five_repeat_mean_and_observation_coverage,0.3302055895328522,True,yield,0.16660132681330045,0.5833333333333334,0.24666666666666667,,
RX-W03--S--safety_constrained_optimization--Aligned,RX,S,optimization,12,Aligned,RX-W03,True,0.8,five_repeat_mean_and_observation_coverage,0.32013410329818726,True,byproduct_signal,0.13717863341172534,0.8166666666666667,0.36166666666666664,,
RX-W03--S--safety_constrained_optimization--Aligned,RX,S,optimization,12,Aligned,RX-W03,True,0.8,five_repeat_mean_and_observation_coverage,0.32013410329818726,True,conversion,0.029315073688824977,0.95,0.1275,,
RX-W03--S--safety_constrained_optimization--Aligned,RX,S,optimization,12,Aligned,RX-W03,True,0.8,five_repeat_mean_and_observation_coverage,0.32013410329818726,True,safety_risk,0.061541344722112014,0.6666666666666666,0.20083333333333334,,
RX-W03--S--safety_constrained_optimization--Aligned,RX,S,optimization,12,Aligned,RX-W03,True,0.8,five_repeat_mean_and_observation_coverage,0.32013410329818726,True,score,0.05741305312995488,0.9166666666666666,0.17750000000000002,,
RX-W03--S--safety_constrained_optimization--Aligned,RX,S,optimization,12,Aligned,RX-W03,True,0.8,five_repeat_mean_and_observation_coverage,0.32013410329818726,True,selectivity,0.14768001173933348,0.5166666666666667,0.26166666666666666,,
RX-W03--S--safety_constrained_optimization--Aligned,RX,S,optimization,12,Aligned,RX-W03,True,0.8,five_repeat_mean_and_observation_coverage,0.32013410329818726,True,yield,0.14099410032232604,0.5833333333333334,0.24583333333333332,,
RX-W03--S--safety_constrained_optimization--MisIndexed,RX,S,optimization,12,MisIndexed,RX-W03,True,0.8,five_repeat_mean_and_observation_coverage,0.3808068037033081,False,byproduct_signal,0.12465597548087436,0.6833333333333333,0.31416666666666665,,
RX-W03--S--safety_constrained_optimization--MisIndexed,RX,S,optimization,12,MisIndexed,RX-W03,True,0.8,five_repeat_mean_and_observation_coverage,0.3808068037033081,False,conversion,0.045934023420015964,0.9166666666666666,0.1325,,
RX-W03--S--safety_constrained_optimization--MisIndexed,RX,S,optimization,12,MisIndexed,RX-W03,True,0.8,five_repeat_mean_and_observation_coverage,0.3808068037033081,False,safety_risk,0.11514904350042343,0.5,0.23166666666666666,,
RX-W03--S--safety_constrained_optimization--MisIndexed,RX,S,optimization,12,MisIndexed,RX-W03,True,0.8,five_repeat_mean_and_observation_coverage,0.3808068037033081,False,score,0.07187292171036824,0.75,0.1625,,
RX-W03--S--safety_constrained_optimization--MisIndexed,RX,S,optimization,12,MisIndexed,RX-W03,True,0.8,five_repeat_mean_and_observation_coverage,0.3808068037033081,False,selectivity,0.11253208140532177,0.65,0.29000000000000004,,
RX-W03--S--safety_constrained_optimization--MisIndexed,RX,S,optimization,12,MisIndexed,RX-W03,True,0.8,five_repeat_mean_and_observation_coverage,0.3808068037033081,False,yield,0.109201344281435,0.75,0.32333333333333336,,
RX-W04--P--mechanism_discovery--Opaque,RX,P,discovery,12,Opaque,RX-W04,True,0.8,five_repeat_mean_and_observation_coverage,0.3495229184627533,False,byproduct_signal,0.03204689607024192,1.0,0.2575,,
RX-W04--P--mechanism_discovery--Opaque,RX,P,discovery,12,Opaque,RX-W04,True,0.8,five_repeat_mean_and_observation_coverage,0.3495229184627533,False,conversion,0.004776156504948947,0.9666666666666667,0.048333333333333346,,
RX-W04--P--mechanism_discovery--Opaque,RX,P,discovery,12,Opaque,RX-W04,True,0.8,five_repeat_mean_and_observation_coverage,0.3495229184627533,False,safety_risk,0.13142406274875004,0.5,0.22166666666666668,,
RX-W04--P--mechanism_discovery--Opaque,RX,P,discovery,12,Opaque,RX-W04,True,0.8,five_repeat_mean_and_observation_coverage,0.3495229184627533,False,score,0.06547987058758735,1.0,0.23333333333333334,,
RX-W04--P--mechanism_discovery--Opaque,RX,P,discovery,12,Opaque,RX-W04,True,0.8,five_repeat_mean_and_observation_coverage,0.3495229184627533,False,selectivity,0.09705809652805326,0.6833333333333333,0.2475,,
RX-W04--P--mechanism_discovery--Opaque,RX,P,discovery,12,Opaque,RX-W04,True,0.8,five_repeat_mean_and_observation_coverage,0.3495229184627533,False,yield,0.10872607896725334,0.65,0.2708333333333333,,
RX-W04--P--mechanism_discovery--Aligned,RX,P,discovery,12,Aligned,RX-W04,True,0.8,five_repeat_mean_and_observation_coverage,0.4767540395259857,False,byproduct_signal,0.05185706187287966,0.6666666666666666,0.16333333333333336,,
RX-W04--P--mechanism_discovery--Aligned,RX,P,discovery,12,Aligned,RX-W04,True,0.8,five_repeat_mean_and_observation_coverage,0.4767540395259857,False,conversion,0.024019827286402395,0.75,0.07,,
RX-W04--P--mechanism_discovery--Aligned,RX,P,discovery,12,Aligned,RX-W04,True,0.8,five_repeat_mean_and_observation_coverage,0.4767540395259857,False,safety_risk,0.03385759375492731,0.75,0.1075,,
RX-W04--P--mechanism_discovery--Aligned,RX,P,discovery,12,Aligned,RX-W04,True,0.8,five_repeat_mean_and_observation_coverage,0.4767540395259857,False,score,0.04582131742437679,0.75,0.1425,,
RX-W04--P--mechanism_discovery--Aligned,RX,P,discovery,12,Aligned,RX-W04,True,0.8,five_repeat_mean_and_observation_coverage,0.4767540395259857,False,selectivity,0.047779891133308404,0.7166666666666667,0.1708333333333333,,
RX-W04--P--mechanism_discovery--Aligned,RX,P,discovery,12,Aligned,RX-W04,True,0.8,five_repeat_mean_and_observation_coverage,0.4767540395259857,False,yield,0.053234991371631624,0.75,0.17083333333333334,,
RX-W04--P--mechanism_discovery--MisIndexed,RX,P,discovery,12,MisIndexed,RX-W04,True,0.8,five_repeat_mean_and_observation_coverage,0.48443928360939026,False,byproduct_signal,0.031067646175622937,0.9166666666666666,0.15858333333333335,,
RX-W04--P--mechanism_discovery--MisIndexed,RX,P,discovery,12,MisIndexed,RX-W04,True,0.8,five_repeat_mean_and_observation_coverage,0.48443928360939026,False,conversion,0.030324555158615124,0.7166666666666667,0.07766666666666668,,
RX-W04--P--mechanism_discovery--MisIndexed,RX,P,discovery,12,MisIndexed,RX-W04,True,0.8,five_repeat_mean_and_observation_coverage,0.48443928360939026,False,safety_risk,0.01783517356713613,0.9166666666666666,0.08983333333333333,,
RX-W04--P--mechanism_discovery--MisIndexed,RX,P,discovery,12,MisIndexed,RX-W04,True,0.8,five_repeat_mean_and_observation_coverage,0.48443928360939026,False,score,0.03297612016399701,0.9833333333333333,0.14433333333333334,,
RX-W04--P--mechanism_discovery--MisIndexed,RX,P,discovery,12,MisIndexed,RX-W04,True,0.8,five_repeat_mean_and_observation_coverage,0.48443928360939026,False,selectivity,0.03425796822706859,0.9166666666666666,0.19491666666666668,,
RX-W04--P--mechanism_discovery--MisIndexed,RX,P,discovery,12,MisIndexed,RX-W04,True,0.8,five_repeat_mean_and_observation_coverage,0.48443928360939026,False,yield,0.04141596927245459,0.9,0.19833333333333333,,
RX-W04--P--safety_constrained_optimization--Opaque,RX,P,optimization,12,Opaque,RX-W04,True,0.8,five_repeat_mean_and_observation_coverage,0.34293127059936523,False,byproduct_signal,0.0753173176944256,0.8833333333333333,0.29000000000000004,,
RX-W04--P--safety_constrained_optimization--Opaque,RX,P,optimization,12,Opaque,RX-W04,True,0.8,five_repeat_mean_and_observation_coverage,0.34293127059936523,False,conversion,0.021395953575770076,0.8833333333333333,0.08499999999999999,,
RX-W04--P--safety_constrained_optimization--Opaque,RX,P,optimization,12,Opaque,RX-W04,True,0.8,five_repeat_mean_and_observation_coverage,0.34293127059936523,False,safety_risk,0.08105702767769496,0.75,0.24166666666666667,,
RX-W04--P--safety_constrained_optimization--Opaque,RX,P,optimization,12,Opaque,RX-W04,True,0.8,five_repeat_mean_and_observation_coverage,0.34293127059936523,False,score,0.12612531994779905,0.48333333333333334,0.22083333333333333,,
RX-W04--P--safety_constrained_optimization--Opaque,RX,P,optimization,12,Opaque,RX-W04,True,0.8,five_repeat_mean_and_observation_coverage,0.34293127059936523,False,selectivity,0.1247717899084091,0.5833333333333334,0.2916666666666667,,
RX-W04--P--safety_constrained_optimization--Opaque,RX,P,optimization,12,Opaque,RX-W04,True,0.8,five_repeat_mean_and_observation_coverage,0.34293127059936523,False,yield,0.13661348332961398,0.5,0.29083333333333333,,
RX-W04--P--safety_constrained_optimization--Aligned,RX,P,optimization,12,Aligned,RX-W04,True,0.8,five_repeat_mean_and_observation_coverage,0.44786888360977173,False,byproduct_signal,0.04935706187287966,0.85,0.1825,,
RX-W04--P--safety_constrained_optimization--Aligned,RX,P,optimization,12,Aligned,RX-W04,True,0.8,five_repeat_mean_and_observation_coverage,0.44786888360977173,False,conversion,0.05589370973904927,0.5833333333333334,0.10749999999999998,,
RX-W04--P--safety_constrained_optimization--Aligned,RX,P,optimization,12,Aligned,RX-W04,True,0.8,five_repeat_mean_and_observation_coverage,0.44786888360977173,False,safety_risk,0.050316370566685996,0.75,0.125,,
RX-W04--P--safety_constrained_optimization--Aligned,RX,P,optimization,12,Aligned,RX-W04,True,0.8,five_repeat_mean_and_observation_coverage,0.44786888360977173,False,score,0.03387725040316581,0.9833333333333333,0.15833333333333333,,
RX-W04--P--safety_constrained_optimization--Aligned,RX,P,optimization,12,Aligned,RX-W04,True,0.8,five_repeat_mean_and_observation_coverage,0.44786888360977173,False,selectivity,0.050129319230715425,0.7,0.18083333333333335,,
RX-W04--P--safety_constrained_optimization--Aligned,RX,P,optimization,12,Aligned,RX-W04,True,0.8,five_repeat_mean_and_observation_coverage,0.44786888360977173,False,yield,0.07345434508721034,0.75,0.19166666666666662,,
RX-W04--P--safety_constrained_optimization--MisIndexed,RX,P,optimization,12,MisIndexed,RX-W04,True,0.8,five_repeat_mean_and_observation_coverage,0.4474859833717346,False,byproduct_signal,0.17812421167890233,0.4166666666666667,0.175,,
RX-W04--P--safety_constrained_optimization--MisIndexed,RX,P,optimization,12,MisIndexed,RX-W04,True,0.8,five_repeat_mean_and_observation_coverage,0.4474859833717346,False,conversion,0.40164424737294513,0.25,0.2375,,
RX-W04--P--safety_constrained_optimization--MisIndexed,RX,P,optimization,12,MisIndexed,RX-W04,True,0.8,five_repeat_mean_and_observation_coverage,0.4474859833717346,False,safety_risk,0.11248461190859477,0.5833333333333334,0.13308333333333333,,
RX-W04--P--safety_constrained_optimization--MisIndexed,RX,P,optimization,12,MisIndexed,RX-W04,True,0.8,five_repeat_mean_and_observation_coverage,0.4474859833717346,False,score,0.11756575233737626,0.6,0.14625000000000002,,
RX-W04--P--safety_constrained_optimization--MisIndexed,RX,P,optimization,12,MisIndexed,RX-W04,True,0.8,five_repeat_mean_and_observation_coverage,0.4474859833717346,False,selectivity,0.19236036217212674,0.5833333333333334,0.3175,,
RX-W04--P--safety_constrained_optimization--MisIndexed,RX,P,optimization,12,MisIndexed,RX-W04,True,0.8,five_repeat_mean_and_observation_coverage,0.4474859833717346,False,yield,0.2511896085540453,0.5666666666666667,0.18375,,
RX-W04--S--mechanism_discovery--Opaque,RX,S,discovery,12,Opaque,RX-W04,True,0.8,five_repeat_mean_and_observation_coverage,0.3484181761741638,False,byproduct_signal,0.16496392180522282,0.6,0.29916666666666664,,
RX-W04--S--mechanism_discovery--Opaque,RX,S,discovery,12,Opaque,RX-W04,True,0.8,five_repeat_mean_and_observation_coverage,0.3484181761741638,False,conversion,0.025303785204887397,0.9166666666666666,0.0975,,
RX-W04--S--mechanism_discovery--Opaque,RX,S,discovery,12,Opaque,RX-W04,True,0.8,five_repeat_mean_and_observation_coverage,0.3484181761741638,False,safety_risk,0.06975649545590083,0.75,0.18833333333333335,,
RX-W04--S--mechanism_discovery--Opaque,RX,S,discovery,12,Opaque,RX-W04,True,0.8,five_repeat_mean_and_observation_coverage,0.3484181761741638,False,score,0.05434155298396945,0.9166666666666666,0.19666666666666666,,
RX-W04--S--mechanism_discovery--Opaque,RX,S,discovery,12,Opaque,RX-W04,True,0.8,five_repeat_mean_and_observation_coverage,0.3484181761741638,False,selectivity,0.1620434466501077,0.65,0.2808333333333333,,
RX-W04--S--mechanism_discovery--Opaque,RX,S,discovery,12,Opaque,RX-W04,True,0.8,five_repeat_mean_and_observation_coverage,0.3484181761741638,False,yield,0.14412887930870058,0.7166666666666667,0.3,,
RX-W04--S--mechanism_discovery--Aligned,RX,S,discovery,12,Aligned,RX-W04,True,0.8,five_repeat_mean_and_observation_coverage,0.3254772424697876,False,byproduct_signal,0.07671633050839109,0.9166666666666666,0.30416666666666664,,
RX-W04--S--mechanism_discovery--Aligned,RX,S,discovery,12,Aligned,RX-W04,True,0.8,five_repeat_mean_and_observation_coverage,0.3254772424697876,False,conversion,0.026394700249036156,1.0,0.10416666666666669,,
RX-W04--S--mechanism_discovery--Aligned,RX,S,discovery,12,Aligned,RX-W04,True,0.8,five_repeat_mean_and_observation_coverage,0.3254772424697876,False,safety_risk,0.06769881238540014,0.75,0.23,,
RX-W04--S--mechanism_discovery--Aligned,RX,S,discovery,12,Aligned,RX-W04,True,0.8,five_repeat_mean_and_observation_coverage,0.3254772424697876,False,score,0.09111577780917286,0.5666666666666667,0.1525,,
RX-W04--S--mechanism_discovery--Aligned,RX,S,discovery,12,Aligned,RX-W04,True,0.8,five_repeat_mean_and_observation_coverage,0.3254772424697876,False,selectivity,0.08068115376432734,0.8333333333333334,0.2966666666666667,,
RX-W04--S--mechanism_discovery--Aligned,RX,S,discovery,12,Aligned,RX-W04,True,0.8,five_repeat_mean_and_observation_coverage,0.3254772424697876,False,yield,0.08664904099702836,0.8333333333333334,0.30583333333333335,,
RX-W04--S--mechanism_discovery--MisIndexed,RX,S,discovery,12,MisIndexed,RX-W04,True,0.8,five_repeat_mean_and_observation_coverage,0.34694236516952515,False,byproduct_signal,0.10000141539176306,0.8166666666666667,0.3125,,
RX-W04--S--mechanism_discovery--MisIndexed,RX,S,discovery,12,MisIndexed,RX-W04,True,0.8,five_repeat_mean_and_observation_coverage,0.34694236516952515,False,conversion,0.021559118231137587,0.9166666666666666,0.08416666666666668,,
RX-W04--S--mechanism_discovery--MisIndexed,RX,S,discovery,12,MisIndexed,RX-W04,True,0.8,five_repeat_mean_and_observation_coverage,0.34694236516952515,False,safety_risk,0.06112812391916911,0.8333333333333334,0.2125,,
RX-W04--S--mechanism_discovery--MisIndexed,RX,S,discovery,12,MisIndexed,RX-W04,True,0.8,five_repeat_mean_and_observation_coverage,0.34694236516952515,False,score,0.05744363613302509,1.0,0.19916666666666666,,
RX-W04--S--mechanism_discovery--MisIndexed,RX,S,discovery,12,MisIndexed,RX-W04,True,0.8,five_repeat_mean_and_observation_coverage,0.34694236516952515,False,selectivity,0.10391073726614315,0.7,0.2983333333333334,,
RX-W04--S--mechanism_discovery--MisIndexed,RX,S,discovery,12,MisIndexed,RX-W04,True,0.8,five_repeat_mean_and_observation_coverage,0.34694236516952515,False,yield,0.08355152291059494,0.8333333333333334,0.31500000000000006,,
RX-W04--S--safety_constrained_optimization--Opaque,RX,S,optimization,12,Opaque,RX-W04,True,0.8,five_repeat_mean_and_observation_coverage,0.32021838426589966,False,byproduct_signal,0.14515452057123188,0.5833333333333334,0.3408333333333333,,
RX-W04--S--safety_constrained_optimization--Opaque,RX,S,optimization,12,Opaque,RX-W04,True,0.8,five_repeat_mean_and_observation_coverage,0.32021838426589966,False,conversion,0.03861008473237355,0.7833333333333333,0.10916666666666669,,
RX-W04--S--safety_constrained_optimization--Opaque,RX,S,optimization,12,Opaque,RX-W04,True,0.8,five_repeat_mean_and_observation_coverage,0.32021838426589966,False,safety_risk,0.09581844280163447,0.4166666666666667,0.20583333333333337,,
RX-W04--S--safety_constrained_optimization--Opaque,RX,S,optimization,12,Opaque,RX-W04,True,0.8,five_repeat_mean_and_observation_coverage,0.32021838426589966,False,score,0.12253244447583954,0.4166666666666667,0.12525,,
RX-W04--S--safety_constrained_optimization--Opaque,RX,S,optimization,12,Opaque,RX-W04,True,0.8,five_repeat_mean_and_observation_coverage,0.32021838426589966,False,selectivity,0.21654795204599697,0.36666666666666664,0.2779166666666667,,
RX-W04--S--safety_constrained_optimization--Opaque,RX,S,optimization,12,Opaque,RX-W04,True,0.8,five_repeat_mean_and_observation_coverage,0.32021838426589966,False,yield,0.2256413793563843,0.4166666666666667,0.24208333333333334,,
RX-W04--S--safety_constrained_optimization--Aligned,RX,S,optimization,12,Aligned,RX-W04,True,0.8,five_repeat_mean_and_observation_coverage,0.33985310792922974,False,byproduct_signal,0.15415926982959113,0.6666666666666666,0.3075,,
RX-W04--S--safety_constrained_optimization--Aligned,RX,S,optimization,12,Aligned,RX-W04,True,0.8,five_repeat_mean_and_observation_coverage,0.33985310792922974,False,conversion,0.06161124090353647,0.75,0.17666666666666667,,
RX-W04--S--safety_constrained_optimization--Aligned,RX,S,optimization,12,Aligned,RX-W04,True,0.8,five_repeat_mean_and_observation_coverage,0.33985310792922974,False,safety_risk,0.06493804723024368,0.8333333333333334,0.2341666666666667,,
RX-W04--S--safety_constrained_optimization--Aligned,RX,S,optimization,12,Aligned,RX-W04,True,0.8,five_repeat_mean_and_observation_coverage,0.33985310792922974,False,score,0.0987115323531131,0.4,0.1525,,
RX-W04--S--safety_constrained_optimization--Aligned,RX,S,optimization,12,Aligned,RX-W04,True,0.8,five_repeat_mean_and_observation_coverage,0.33985310792922974,False,selectivity,0.15029795204599697,0.6666666666666666,0.26999999999999996,,
RX-W04--S--safety_constrained_optimization--Aligned,RX,S,optimization,12,Aligned,RX-W04,True,0.8,five_repeat_mean_and_observation_coverage,0.33985310792922974,False,yield,0.17335196624199548,0.48333333333333334,0.2575,,
RX-W04--S--safety_constrained_optimization--MisIndexed,RX,S,optimization,12,MisIndexed,RX-W04,True,0.8,five_repeat_mean_and_observation_coverage,0.33877578377723694,True,byproduct_signal,0.13502630621194842,0.6333333333333333,0.31166666666666665,,
RX-W04--S--safety_constrained_optimization--MisIndexed,RX,S,optimization,12,MisIndexed,RX-W04,True,0.8,five_repeat_mean_and_observation_coverage,0.33877578377723694,True,conversion,0.048730571468671185,0.9166666666666666,0.16333333333333336,,
RX-W04--S--safety_constrained_optimization--MisIndexed,RX,S,optimization,12,MisIndexed,RX-W04,True,0.8,five_repeat_mean_and_observation_coverage,0.33877578377723694,True,safety_risk,0.08785741478204727,0.6666666666666666,0.205,,
RX-W04--S--safety_constrained_optimization--MisIndexed,RX,S,optimization,12,MisIndexed,RX-W04,True,0.8,five_repeat_mean_and_observation_coverage,0.33877578377723694,True,score,0.08367699556673565,0.7333333333333333,0.165,,
RX-W04--S--safety_constrained_optimization--MisIndexed,RX,S,optimization,12,MisIndexed,RX-W04,True,0.8,five_repeat_mean_and_observation_coverage,0.33877578377723694,True,selectivity,0.13715870852271717,0.55,0.30083333333333334,,
RX-W04--S--safety_constrained_optimization--MisIndexed,RX,S,optimization,12,MisIndexed,RX-W04,True,0.8,five_repeat_mean_and_observation_coverage,0.33877578377723694,True,yield,0.11974765419960022,0.5833333333333334,0.30833333333333335,,
RX-W05--P--mechanism_discovery--Opaque,RX,P,discovery,12,Opaque,RX-W05,True,0.8,five_repeat_mean_and_observation_coverage,0.3618721067905426,False,byproduct_signal,0.07907110378146172,0.8,0.2733333333333334,,
RX-W05--P--mechanism_discovery--Opaque,RX,P,discovery,12,Opaque,RX-W05,True,0.8,five_repeat_mean_and_observation_coverage,0.3618721067905426,False,conversion,0.06562885634104414,0.48333333333333334,0.14666666666666664,,
RX-W05--P--mechanism_discovery--Opaque,RX,P,discovery,12,Opaque,RX-W05,True,0.8,five_repeat_mean_and_observation_coverage,0.3618721067905426,False,safety_risk,0.06247508183121681,0.8333333333333334,0.2,,
RX-W05--P--mechanism_discovery--Opaque,RX,P,discovery,12,Opaque,RX-W05,True,0.8,five_repeat_mean_and_observation_coverage,0.3618721067905426,False,score,0.11063811858495076,0.5833333333333334,0.25166666666666665,,
RX-W05--P--mechanism_discovery--Opaque,RX,P,discovery,12,Opaque,RX-W05,True,0.8,five_repeat_mean_and_observation_coverage,0.3618721067905426,False,selectivity,0.11189988642930986,0.6666666666666666,0.2675,,
RX-W05--P--mechanism_discovery--Opaque,RX,P,discovery,12,Opaque,RX-W05,True,0.8,five_repeat_mean_and_observation_coverage,0.3618721067905426,False,yield,0.16456596871217094,0.08333333333333333,0.2575,,
RX-W05--P--mechanism_discovery--Aligned,RX,P,discovery,12,Aligned,RX-W05,True,0.8,five_repeat_mean_and_observation_coverage,0.47348707914352417,False,byproduct_signal,0.038297663738330205,0.9166666666666666,0.20083333333333334,,
RX-W05--P--mechanism_discovery--Aligned,RX,P,discovery,12,Aligned,RX-W05,True,0.8,five_repeat_mean_and_observation_coverage,0.47348707914352417,False,conversion,0.07329070385297141,0.25,0.14750000000000002,,
RX-W05--P--mechanism_discovery--Aligned,RX,P,discovery,12,Aligned,RX-W05,True,0.8,five_repeat_mean_and_observation_coverage,0.47348707914352417,False,safety_risk,0.05729499597350757,0.6666666666666666,0.12333333333333332,,
RX-W05--P--mechanism_discovery--Aligned,RX,P,discovery,12,Aligned,RX-W05,True,0.8,five_repeat_mean_and_observation_coverage,0.47348707914352417,False,score,0.02686779944101969,1.0,0.1716666666666667,,
RX-W05--P--mechanism_discovery--Aligned,RX,P,discovery,12,Aligned,RX-W05,True,0.8,five_repeat_mean_and_observation_coverage,0.47348707914352417,False,selectivity,0.04755832900603615,0.8,0.21,,
RX-W05--P--mechanism_discovery--Aligned,RX,P,discovery,12,Aligned,RX-W05,True,0.8,five_repeat_mean_and_observation_coverage,0.47348707914352417,False,yield,0.059787770311037686,0.7,0.20666666666666664,,
RX-W05--P--mechanism_discovery--MisIndexed,RX,P,discovery,12,MisIndexed,RX-W05,True,0.8,five_repeat_mean_and_observation_coverage,0.4967924952507019,False,byproduct_signal,0.04751749242345491,0.9833333333333333,0.215,,
RX-W05--P--mechanism_discovery--MisIndexed,RX,P,discovery,12,MisIndexed,RX-W05,True,0.8,five_repeat_mean_and_observation_coverage,0.4967924952507019,False,conversion,0.05937403718630475,0.4,0.1325,,
RX-W05--P--mechanism_discovery--MisIndexed,RX,P,discovery,12,MisIndexed,RX-W05,True,0.8,five_repeat_mean_and_observation_coverage,0.4967924952507019,False,safety_risk,0.02140268539388974,1.0,0.1391666666666667,,
RX-W05--P--mechanism_discovery--MisIndexed,RX,P,discovery,12,MisIndexed,RX-W05,True,0.8,five_repeat_mean_and_observation_coverage,0.4967924952507019,False,score,0.05170511305332182,0.9166666666666666,0.18416666666666665,,
RX-W05--P--mechanism_discovery--MisIndexed,RX,P,discovery,12,MisIndexed,RX-W05,True,0.8,five_repeat_mean_and_observation_coverage,0.4967924952507019,False,selectivity,0.0522335947553317,0.8333333333333334,0.20916666666666667,,
RX-W05--P--mechanism_discovery--MisIndexed,RX,P,discovery,12,MisIndexed,RX-W05,True,0.8,five_repeat_mean_and_observation_coverage,0.4967924952507019,False,yield,0.08748456219832103,0.6666666666666666,0.21166666666666664,,
RX-W05--P--safety_constrained_optimization--Opaque,RX,P,optimization,12,Opaque,RX-W05,True,0.8,five_repeat_mean_and_observation_coverage,0.33262404799461365,False,byproduct_signal,0.1356992265085379,0.4166666666666667,0.25833333333333336,,
RX-W05--P--safety_constrained_optimization--Opaque,RX,P,optimization,12,Opaque,RX-W05,True,0.8,five_repeat_mean_and_observation_coverage,0.33262404799461365,False,conversion,0.14221218967437746,0.38333333333333336,0.18791666666666665,,
RX-W05--P--safety_constrained_optimization--Opaque,RX,P,optimization,12,Opaque,RX-W05,True,0.8,five_repeat_mean_and_observation_coverage,0.33262404799461365,False,safety_risk,0.1988783293068409,0.0,0.09425,,
RX-W05--P--safety_constrained_optimization--Opaque,RX,P,optimization,12,Opaque,RX-W05,True,0.8,five_repeat_mean_and_observation_coverage,0.33262404799461365,False,score,0.12080478525161743,0.43333333333333335,0.18208333333333335,,
RX-W05--P--safety_constrained_optimization--Opaque,RX,P,optimization,12,Opaque,RX-W05,True,0.8,five_repeat_mean_and_observation_coverage,0.33262404799461365,False,selectivity,0.18689988642930985,0.016666666666666666,0.21333333333333335,,
RX-W05--P--safety_constrained_optimization--Opaque,RX,P,optimization,12,Opaque,RX-W05,True,0.8,five_repeat_mean_and_observation_coverage,0.33262404799461365,False,yield,0.2738993020455043,0.0,0.24624999999999997,,
RX-W05--P--safety_constrained_optimization--Aligned,RX,P,optimization,12,Aligned,RX-W05,True,0.8,five_repeat_mean_and_observation_coverage,0.45411425828933716,False,byproduct_signal,0.1633176140487194,0.45,0.29583333333333334,,
RX-W05--P--safety_constrained_optimization--Aligned,RX,P,optimization,12,Aligned,RX-W05,True,0.8,five_repeat_mean_and_observation_coverage,0.45411425828933716,False,conversion,0.06422850688298544,0.7,0.14250000000000002,,
RX-W05--P--safety_constrained_optimization--Aligned,RX,P,optimization,12,Aligned,RX-W05,True,0.8,five_repeat_mean_and_observation_coverage,0.45411425828933716,False,safety_risk,0.2554238312939803,0.3333333333333333,0.21,,
RX-W05--P--safety_constrained_optimization--Aligned,RX,P,optimization,12,Aligned,RX-W05,True,0.8,five_repeat_mean_and_observation_coverage,0.45411425828933716,False,score,0.2064714519182841,0.16666666666666666,0.18916666666666665,,
RX-W05--P--safety_constrained_optimization--Aligned,RX,P,optimization,12,Aligned,RX-W05,True,0.8,five_repeat_mean_and_observation_coverage,0.45411425828933716,False,selectivity,0.1985665530959765,0.31666666666666665,0.2825,,
RX-W05--P--safety_constrained_optimization--Aligned,RX,P,optimization,12,Aligned,RX-W05,True,0.8,five_repeat_mean_and_observation_coverage,0.45411425828933716,False,yield,0.24873263537883758,0.23333333333333334,0.2816666666666666,,
RX-W05--P--safety_constrained_optimization--MisIndexed,RX,P,optimization,12,MisIndexed,RX-W05,True,0.8,five_repeat_mean_and_observation_coverage,0.47069013118743896,False,byproduct_signal,0.06402513946096101,0.8333333333333334,0.21833333333333332,,
RX-W05--P--safety_constrained_optimization--MisIndexed,RX,P,optimization,12,MisIndexed,RX-W05,True,0.8,five_repeat_mean_and_observation_coverage,0.47069013118743896,False,conversion,0.048540703852971406,0.5666666666666667,0.12124999999999998,,
RX-W05--P--safety_constrained_optimization--MisIndexed,RX,P,optimization,12,MisIndexed,RX-W05,True,0.8,five_repeat_mean_and_observation_coverage,0.47069013118743896,False,safety_risk,0.09739329352974892,0.5,0.16958333333333334,,
RX-W05--P--safety_constrained_optimization--MisIndexed,RX,P,optimization,12,MisIndexed,RX-W05,True,0.8,five_repeat_mean_and_observation_coverage,0.47069013118743896,False,score,0.06737308943271636,0.7666666666666667,0.21041666666666667,,
RX-W05--P--safety_constrained_optimization--MisIndexed,RX,P,optimization,12,MisIndexed,RX-W05,True,0.8,five_repeat_mean_and_observation_coverage,0.47069013118743896,False,selectivity,0.07625530360142391,0.75,0.23291666666666666,,
RX-W05--P--safety_constrained_optimization--MisIndexed,RX,P,optimization,12,MisIndexed,RX-W05,True,0.8,five_repeat_mean_and_observation_coverage,0.47069013118743896,False,yield,0.1009826353788376,0.6833333333333333,0.25958333333333333,,
RX-W05--S--mechanism_discovery--Opaque,RX,S,discovery,12,Opaque,RX-W05,True,0.8,five_repeat_mean_and_observation_coverage,0.35878095030784607,True,byproduct_signal,0.10980085919300714,0.9,0.3908333333333333,,
RX-W05--S--mechanism_discovery--Opaque,RX,S,discovery,12,Opaque,RX-W05,True,0.8,five_repeat_mean_and_observation_coverage,0.35878095030784607,True,conversion,0.02097132221857706,0.9666666666666667,0.14166666666666666,,
RX-W05--S--mechanism_discovery--Opaque,RX,S,discovery,12,Opaque,RX-W05,True,0.8,five_repeat_mean_and_observation_coverage,0.35878095030784607,True,safety_risk,0.07498908678690593,0.75,0.19166666666666668,,
RX-W05--S--mechanism_discovery--Opaque,RX,S,discovery,12,Opaque,RX-W05,True,0.8,five_repeat_mean_and_observation_coverage,0.35878095030784607,True,score,0.041299724578857416,0.9166666666666666,0.2891666666666667,,
RX-W05--S--mechanism_discovery--Opaque,RX,S,discovery,12,Opaque,RX-W05,True,0.8,five_repeat_mean_and_observation_coverage,0.35878095030784607,True,selectivity,0.133562190781037,0.6666666666666666,0.3516666666666667,,
RX-W05--S--mechanism_discovery--Opaque,RX,S,discovery,12,Opaque,RX-W05,True,0.8,five_repeat_mean_and_observation_coverage,0.35878095030784607,True,yield,0.11730930685997006,0.7,0.35833333333333334,,
RX-W05--S--mechanism_discovery--Aligned,RX,S,discovery,12,Aligned,RX-W05,True,0.8,five_repeat_mean_and_observation_coverage,0.37501460313796997,True,byproduct_signal,0.22384769906600313,0.4166666666666667,0.29250000000000004,,
RX-W05--S--mechanism_discovery--Aligned,RX,S,discovery,12,Aligned,RX-W05,True,0.8,five_repeat_mean_and_observation_coverage,0.37501460313796997,True,conversion,0.02182030495007833,0.9333333333333333,0.10708333333333334,,
RX-W05--S--mechanism_discovery--Aligned,RX,S,discovery,12,Aligned,RX-W05,True,0.8,five_repeat_mean_and_observation_coverage,0.37501460313796997,True,safety_risk,0.07559612363576888,0.6666666666666666,0.25,,
RX-W05--S--mechanism_discovery--Aligned,RX,S,discovery,12,Aligned,RX-W05,True,0.8,five_repeat_mean_and_observation_coverage,0.37501460313796997,True,score,0.127753321458896,0.4166666666666667,0.16666666666666666,,
RX-W05--S--mechanism_discovery--Aligned,RX,S,discovery,12,Aligned,RX-W05,True,0.8,five_repeat_mean_and_observation_coverage,0.37501460313796997,True,selectivity,0.2457295675377051,0.3333333333333333,0.26083333333333336,,
RX-W05--S--mechanism_discovery--Aligned,RX,S,discovery,12,Aligned,RX-W05,True,0.8,five_repeat_mean_and_observation_coverage,0.37501460313796997,True,yield,0.2355759158929189,0.3333333333333333,0.25416666666666665,,
RX-W05--S--mechanism_discovery--MisIndexed,RX,S,discovery,12,MisIndexed,RX-W05,True,0.8,five_repeat_mean_and_observation_coverage,0.35979995131492615,True,byproduct_signal,0.1836583768328031,0.43333333333333335,0.2808333333333334,,
RX-W05--S--mechanism_discovery--MisIndexed,RX,S,discovery,12,MisIndexed,RX-W05,True,0.8,five_repeat_mean_and_observation_coverage,0.35979995131492615,True,conversion,0.021539532184600824,0.9833333333333333,0.11750000000000001,,
RX-W05--S--mechanism_discovery--MisIndexed,RX,S,discovery,12,MisIndexed,RX-W05,True,0.8,five_repeat_mean_and_observation_coverage,0.35979995131492615,True,safety_risk,0.24030728763341902,0.0,0.09241666666666666,,
RX-W05--S--mechanism_discovery--MisIndexed,RX,S,discovery,12,MisIndexed,RX-W05,True,0.8,five_repeat_mean_and_observation_coverage,0.35979995131492615,True,score,0.06386889279882113,0.7666666666666667,0.2025,,
RX-W05--S--mechanism_discovery--MisIndexed,RX,S,discovery,12,MisIndexed,RX-W05,True,0.8,five_repeat_mean_and_observation_coverage,0.35979995131492615,True,selectivity,0.19113845019539197,0.3333333333333333,0.26166666666666666,,
RX-W05--S--mechanism_discovery--MisIndexed,RX,S,discovery,12,MisIndexed,RX-W05,True,0.8,five_repeat_mean_and_observation_coverage,0.35979995131492615,True,yield,0.17831716219584146,0.4166666666666667,0.26833333333333337,,
RX-W05--S--safety_constrained_optimization--Opaque,RX,S,optimization,12,Opaque,RX-W05,True,0.8,five_repeat_mean_and_observation_coverage,0.3562230169773102,True,byproduct_signal,0.11800328960021338,0.7,0.3,,
RX-W05--S--safety_constrained_optimization--Opaque,RX,S,optimization,12,Opaque,RX-W05,True,0.8,five_repeat_mean_and_observation_coverage,0.3562230169773102,True,conversion,0.03744686841964722,0.8833333333333333,0.12833333333333333,,
RX-W05--S--safety_constrained_optimization--Opaque,RX,S,optimization,12,Opaque,RX-W05,True,0.8,five_repeat_mean_and_observation_coverage,0.3562230169773102,True,safety_risk,0.07569271236658097,0.8333333333333334,0.21749999999999997,,
RX-W05--S--safety_constrained_optimization--Opaque,RX,S,optimization,12,Opaque,RX-W05,True,0.8,five_repeat_mean_and_observation_coverage,0.3562230169773102,True,score,0.08348707665999729,0.6666666666666666,0.19583333333333333,,
RX-W05--S--safety_constrained_optimization--Opaque,RX,S,optimization,12,Opaque,RX-W05,True,0.8,five_repeat_mean_and_observation_coverage,0.3562230169773102,True,selectivity,0.1423727022111416,0.6666666666666666,0.2841666666666667,,
RX-W05--S--safety_constrained_optimization--Opaque,RX,S,optimization,12,Opaque,RX-W05,True,0.8,five_repeat_mean_and_observation_coverage,0.3562230169773102,True,yield,0.12875473340352375,0.75,0.30166666666666664,,
RX-W05--S--safety_constrained_optimization--Aligned,RX,S,optimization,12,Aligned,RX-W05,True,0.8,five_repeat_mean_and_observation_coverage,0.3687385022640228,True,byproduct_signal,0.2622432515025139,0.26666666666666666,0.24749999999999997,,
RX-W05--S--safety_constrained_optimization--Aligned,RX,S,optimization,12,Aligned,RX-W05,True,0.8,five_repeat_mean_and_observation_coverage,0.3687385022640228,True,conversion,0.06519667983055112,0.6166666666666667,0.11916666666666667,,
RX-W05--S--safety_constrained_optimization--Aligned,RX,S,optimization,12,Aligned,RX-W05,True,0.8,five_repeat_mean_and_observation_coverage,0.3687385022640228,True,safety_risk,0.33339728057384493,0.4166666666666667,0.32916666666666666,,
RX-W05--S--safety_constrained_optimization--Aligned,RX,S,optimization,12,Aligned,RX-W05,True,0.8,five_repeat_mean_and_observation_coverage,0.3687385022640228,True,score,0.15749400958418844,0.3333333333333333,0.13166666666666668,,
RX-W05--S--safety_constrained_optimization--Aligned,RX,S,optimization,12,Aligned,RX-W05,True,0.8,five_repeat_mean_and_observation_coverage,0.3687385022640228,True,selectivity,0.27744222129384677,0.25,0.23249999999999998,,
RX-W05--S--safety_constrained_optimization--Aligned,RX,S,optimization,12,Aligned,RX-W05,True,0.8,five_repeat_mean_and_observation_coverage,0.3687385022640228,True,yield,0.2462126411994298,0.4166666666666667,0.24250000000000002,,
RX-W05--S--safety_constrained_optimization--MisIndexed,RX,S,optimization,12,MisIndexed,RX-W05,True,0.8,five_repeat_mean_and_observation_coverage,0.4092475175857544,True,byproduct_signal,0.08974152157704035,0.6833333333333333,0.255,,
RX-W05--S--safety_constrained_optimization--MisIndexed,RX,S,optimization,12,MisIndexed,RX-W05,True,0.8,five_repeat_mean_and_observation_coverage,0.4092475175857544,True,conversion,0.023712526162465414,0.9166666666666666,0.11499999999999999,,
RX-W05--S--safety_constrained_optimization--MisIndexed,RX,S,optimization,12,MisIndexed,RX-W05,True,0.8,five_repeat_mean_and_observation_coverage,0.4092475175857544,True,safety_risk,0.09915114859739939,0.5,0.11083333333333334,,
RX-W05--S--safety_constrained_optimization--MisIndexed,RX,S,optimization,12,MisIndexed,RX-W05,True,0.8,five_repeat_mean_and_observation_coverage,0.4092475175857544,True,score,0.038166791399319965,0.9833333333333333,0.19833333333333333,,
RX-W05--S--safety_constrained_optimization--MisIndexed,RX,S,optimization,12,MisIndexed,RX-W05,True,0.8,five_repeat_mean_and_observation_coverage,0.4092475175857544,True,selectivity,0.09024403368433316,0.7333333333333333,0.25,,
RX-W05--S--safety_constrained_optimization--MisIndexed,RX,S,optimization,12,MisIndexed,RX-W05,True,0.8,five_repeat_mean_and_observation_coverage,0.4092475175857544,True,yield,0.07707623422145843,0.8333333333333334,0.26416666666666666,,
EQ-W01--Opaque,EQ,P,characterization,12,Opaque,EQ-W01,True,0.8,five_repeat_mean_and_observation_coverage,,,acid_dissociation_fraction,0.013456141640742622,1.0,0.15283333333333332,,
EQ-W01--Opaque,EQ,P,characterization,12,Opaque,EQ-W01,True,0.8,five_repeat_mean_and_observation_coverage,,,pH_normalized,0.0031201600670814574,0.9,0.03225000000000001,,
EQ-W01--Opaque,EQ,P,characterization,12,Opaque,EQ-W01,True,0.8,five_repeat_mean_and_observation_coverage,,,precipitation_signal,0.024860597766314944,0.7166666666666667,0.07008333333333333,,
EQ-W01--Aligned,EQ,P,characterization,12,Aligned,EQ-W01,True,0.8,five_repeat_mean_and_observation_coverage,,,acid_dissociation_fraction,0.099000135799249,0.6833333333333333,0.06316666666666666,,
EQ-W01--Aligned,EQ,P,characterization,12,Aligned,EQ-W01,True,0.8,five_repeat_mean_and_observation_coverage,,,pH_normalized,0.018333991706371306,0.6666666666666666,0.022000000000000006,,
EQ-W01--Aligned,EQ,P,characterization,12,Aligned,EQ-W01,True,0.8,five_repeat_mean_and_observation_coverage,,,precipitation_signal,0.03611098469980061,0.8166666666666667,0.10291666666666668,,
EQ-W01--MisIndexed,EQ,P,characterization,12,MisIndexed,EQ-W01,True,0.8,five_repeat_mean_and_observation_coverage,,,acid_dissociation_fraction,0.09924681333629289,0.6166666666666667,0.034,,
EQ-W01--MisIndexed,EQ,P,characterization,12,MisIndexed,EQ-W01,True,0.8,five_repeat_mean_and_observation_coverage,,,pH_normalized,0.01900886718098323,0.6333333333333333,0.012516666666666667,,
EQ-W01--MisIndexed,EQ,P,characterization,12,MisIndexed,EQ-W01,True,0.8,five_repeat_mean_and_observation_coverage,,,precipitation_signal,0.036475708193853505,0.6166666666666667,0.022999999999999996,,
EQ-W02--Opaque,EQ,P,characterization,12,Opaque,EQ-W02,True,0.8,five_repeat_mean_and_observation_coverage,,,acid_dissociation_fraction,0.013574283202489214,1.0,0.12033333333333335,,
EQ-W02--Opaque,EQ,P,characterization,12,Opaque,EQ-W02,True,0.8,five_repeat_mean_and_observation_coverage,,,pH_normalized,0.0030788452227910323,1.0,0.03308333333333333,,
EQ-W02--Opaque,EQ,P,characterization,12,Opaque,EQ-W02,True,0.8,five_repeat_mean_and_observation_coverage,,,precipitation_signal,0.017846844717084115,0.9166666666666666,0.1,,
EQ-W02--Aligned,EQ,P,characterization,12,Aligned,EQ-W02,True,0.8,five_repeat_mean_and_observation_coverage,,,acid_dissociation_fraction,0.09131028547684351,0.6,0.03079166666666667,,
EQ-W02--Aligned,EQ,P,characterization,12,Aligned,EQ-W02,True,0.8,five_repeat_mean_and_observation_coverage,,,pH_normalized,0.019787518858909604,0.5,0.009266666666666668,,
EQ-W02--Aligned,EQ,P,characterization,12,Aligned,EQ-W02,True,0.8,five_repeat_mean_and_observation_coverage,,,precipitation_signal,0.037763381872543446,0.6666666666666666,0.02950000000000001,,
EQ-W02--MisIndexed,EQ,P,characterization,12,MisIndexed,EQ-W02,True,0.8,five_repeat_mean_and_observation_coverage,,,acid_dissociation_fraction,0.09127695214351018,0.6166666666666667,0.029,,
EQ-W02--MisIndexed,EQ,P,characterization,12,MisIndexed,EQ-W02,True,0.8,five_repeat_mean_and_observation_coverage,,,pH_normalized,0.019663733188311258,0.4666666666666667,0.007583333333333313,,
EQ-W02--MisIndexed,EQ,P,characterization,12,MisIndexed,EQ-W02,True,0.8,five_repeat_mean_and_observation_coverage,,,precipitation_signal,0.04408534488476191,0.65,0.03716666666666667,,
EQ-W03--Opaque,EQ,P,characterization,12,Opaque,EQ-W03,True,0.8,five_repeat_mean_and_observation_coverage,,,acid_dissociation_fraction,0.012325382227698972,0.9,0.06325,,
EQ-W03--Opaque,EQ,P,characterization,12,Opaque,EQ-W03,True,0.8,five_repeat_mean_and_observation_coverage,,,pH_normalized,0.0031829363703727667,0.8166666666666667,0.014166666666666642,,
EQ-W03--Opaque,EQ,P,characterization,12,Opaque,EQ-W03,True,0.8,five_repeat_mean_and_observation_coverage,,,precipitation_signal,0.015744113268427704,0.8333333333333334,0.0315,,
EQ-W03--Aligned,EQ,P,characterization,12,Aligned,EQ-W03,True,0.8,five_repeat_mean_and_observation_coverage,,,acid_dissociation_fraction,0.07092007030546665,0.7333333333333333,0.0595,,
EQ-W03--Aligned,EQ,P,characterization,12,Aligned,EQ-W03,True,0.8,five_repeat_mean_and_observation_coverage,,,pH_normalized,0.01423912515242895,0.75,0.02674999999999997,,
EQ-W03--Aligned,EQ,P,characterization,12,Aligned,EQ-W03,True,0.8,five_repeat_mean_and_observation_coverage,,,precipitation_signal,0.037084903218375986,0.7333333333333333,0.10366666666666667,,
EQ-W03--MisIndexed,EQ,P,characterization,12,MisIndexed,EQ-W03,True,0.8,five_repeat_mean_and_observation_coverage,,,acid_dissociation_fraction,0.01492506058514118,1.0,0.15208333333333332,,
EQ-W03--MisIndexed,EQ,P,characterization,12,MisIndexed,EQ-W03,True,0.8,five_repeat_mean_and_observation_coverage,,,pH_normalized,0.010674397846062986,0.6666666666666666,0.02024999999999997,,
EQ-W03--MisIndexed,EQ,P,characterization,12,MisIndexed,EQ-W03,True,0.8,five_repeat_mean_and_observation_coverage,,,precipitation_signal,0.03301761066717639,0.7333333333333333,0.05566666666666667,,
EQ-W04--Opaque,EQ,P,characterization,12,Opaque,EQ-W04,True,0.8,five_repeat_mean_and_observation_coverage,,,acid_dissociation_fraction,0.008384249289830528,0.9833333333333333,0.17391666666666666,,
EQ-W04--Opaque,EQ,P,characterization,12,Opaque,EQ-W04,True,0.8,five_repeat_mean_and_observation_coverage,,,pH_normalized,0.003290167490641265,1.0,0.045916666666666675,,
EQ-W04--Opaque,EQ,P,characterization,12,Opaque,EQ-W04,True,0.8,five_repeat_mean_and_observation_coverage,,,precipitation_signal,0.031053139485263576,0.95,0.12075,,
EQ-W04--Aligned,EQ,P,characterization,12,Aligned,EQ-W04,True,0.8,five_repeat_mean_and_observation_coverage,,,acid_dissociation_fraction,0.0661067298700412,0.6833333333333333,0.04108333333333333,,
EQ-W04--Aligned,EQ,P,characterization,12,Aligned,EQ-W04,True,0.8,five_repeat_mean_and_observation_coverage,,,pH_normalized,0.01435958057244619,0.6166666666666667,0.012950000000000001,,
EQ-W04--Aligned,EQ,P,characterization,12,Aligned,EQ-W04,True,0.8,five_repeat_mean_and_observation_coverage,,,precipitation_signal,0.0359234299951233,0.7333333333333333,0.04626666666666667,,
EQ-W04--MisIndexed,EQ,P,characterization,12,MisIndexed,EQ-W04,True,0.8,five_repeat_mean_and_observation_coverage,,,acid_dissociation_fraction,0.06167789642413457,0.8166666666666667,0.09608333333333334,,
EQ-W04--MisIndexed,EQ,P,characterization,12,MisIndexed,EQ-W04,True,0.8,five_repeat_mean_and_observation_coverage,,,pH_normalized,0.013554729477564503,0.9166666666666666,0.030966666666666667,,
EQ-W04--MisIndexed,EQ,P,characterization,12,MisIndexed,EQ-W04,True,0.8,five_repeat_mean_and_observation_coverage,,,precipitation_signal,0.04046276973222072,0.6833333333333333,0.06575000000000002,,
EQ-W05--Opaque,EQ,P,characterization,12,Opaque,EQ-W05,True,0.8,five_repeat_mean_and_observation_coverage,,,acid_dissociation_fraction,0.016719803904493652,0.9333333333333333,0.10066666666666667,,
EQ-W05--Opaque,EQ,P,characterization,12,Opaque,EQ-W05,True,0.8,five_repeat_mean_and_observation_coverage,,,pH_normalized,0.0027105928659439025,1.0,0.025333333333333336,,
EQ-W05--Opaque,EQ,P,characterization,12,Opaque,EQ-W05,True,0.8,five_repeat_mean_and_observation_coverage,,,precipitation_signal,0.01275593747118546,0.75,0.03316666666666667,,
EQ-W05--Aligned,EQ,P,characterization,12,Aligned,EQ-W05,True,0.8,five_repeat_mean_and_observation_coverage,,,acid_dissociation_fraction,0.05210057874818643,0.7333333333333333,0.04808333333333334,,
EQ-W05--Aligned,EQ,P,characterization,12,Aligned,EQ-W05,True,0.8,five_repeat_mean_and_observation_coverage,,,pH_normalized,0.013044301271438593,0.7166666666666667,0.01583333333333335,,
EQ-W05--Aligned,EQ,P,characterization,12,Aligned,EQ-W05,True,0.8,five_repeat_mean_and_observation_coverage,,,precipitation_signal,0.04103810984312926,0.7166666666666667,0.06716666666666665,,
EQ-W05--MisIndexed,EQ,P,characterization,12,MisIndexed,EQ-W05,True,0.8,five_repeat_mean_and_observation_coverage,,,acid_dissociation_fraction,0.055878312968214355,0.6833333333333333,0.03949999999999999,,
EQ-W05--MisIndexed,EQ,P,characterization,12,MisIndexed,EQ-W05,True,0.8,five_repeat_mean_and_observation_coverage,,,pH_normalized,0.011989378023147585,0.75,0.02283333333333335,,
EQ-W05--MisIndexed,EQ,P,characterization,12,MisIndexed,EQ-W05,True,0.8,five_repeat_mean_and_observation_coverage,,,precipitation_signal,0.037328554181450944,0.75,0.049583333333333326,,
EQ-S-W01--Opaque,EQ,S,characterization,12,Opaque,EQ-S-W01,True,0.8,five_repeat_mean_and_observation_coverage,,,acid_dissociation_fraction,0.0034336112537421293,1.0,0.03775,,
EQ-S-W01--Opaque,EQ,S,characterization,12,Opaque,EQ-S-W01,True,0.8,five_repeat_mean_and_observation_coverage,,,pH_normalized,0.0013533914983272586,1.0,0.028916666666666667,,
EQ-S-W01--Opaque,EQ,S,characterization,12,Opaque,EQ-S-W01,True,0.8,five_repeat_mean_and_observation_coverage,,,precipitation_signal,0.0031520724755246185,0.9833333333333333,0.030416666666666665,,
EQ-S-W01--Aligned,EQ,S,characterization,12,Aligned,EQ-S-W01,True,0.8,five_repeat_mean_and_observation_coverage,,,acid_dissociation_fraction,0.003742452847305683,0.9833333333333333,0.044000000000000004,,
EQ-S-W01--Aligned,EQ,S,characterization,12,Aligned,EQ-S-W01,True,0.8,five_repeat_mean_and_observation_coverage,,,pH_normalized,0.0034964123566945432,0.9833333333333333,0.02366666666666667,,
EQ-S-W01--Aligned,EQ,S,characterization,12,Aligned,EQ-S-W01,True,0.8,five_repeat_mean_and_observation_coverage,,,precipitation_signal,0.0020444262789096664,1.0,0.022416666666666665,,
EQ-S-W01--MisIndexed,EQ,S,characterization,12,MisIndexed,EQ-S-W01,True,0.8,five_repeat_mean_and_observation_coverage,,,acid_dissociation_fraction,0.01887133471574634,0.8333333333333334,0.03766666666666666,,
EQ-S-W01--MisIndexed,EQ,S,characterization,12,MisIndexed,EQ-S-W01,True,0.8,five_repeat_mean_and_observation_coverage,,,pH_normalized,0.018736661632855738,0.9166666666666666,0.06441666666666666,,
EQ-S-W01--MisIndexed,EQ,S,characterization,12,MisIndexed,EQ-S-W01,True,0.8,five_repeat_mean_and_observation_coverage,,,precipitation_signal,0.02969946051489872,0.4,0.051,,
EQ-S-W02--Opaque,EQ,S,characterization,12,Opaque,EQ-S-W02,True,0.8,five_repeat_mean_and_observation_coverage,,,acid_dissociation_fraction,0.0176824920331516,0.8666666666666667,0.0245,,
EQ-S-W02--Opaque,EQ,S,characterization,12,Opaque,EQ-S-W02,True,0.8,five_repeat_mean_and_observation_coverage,,,pH_normalized,0.007577565306425094,1.0,0.03866666666666666,,
EQ-S-W02--Opaque,EQ,S,characterization,12,Opaque,EQ-S-W02,True,0.8,five_repeat_mean_and_observation_coverage,,,precipitation_signal,0.0014884242371190346,1.0,0.02283333333333333,,
EQ-S-W02--Aligned,EQ,S,characterization,12,Aligned,EQ-S-W02,True,0.8,five_repeat_mean_and_observation_coverage,,,acid_dissociation_fraction,0.00967535754630808,0.9166666666666666,0.029833333333333333,,
EQ-S-W02--Aligned,EQ,S,characterization,12,Aligned,EQ-S-W02,True,0.8,five_repeat_mean_and_observation_coverage,,,pH_normalized,0.0067608986397584316,1.0,0.04558333333333334,,
EQ-S-W02--Aligned,EQ,S,characterization,12,Aligned,EQ-S-W02,True,0.8,five_repeat_mean_and_observation_coverage,,,precipitation_signal,0.0053489841602277,1.0,0.036333333333333336,,
EQ-S-W02--MisIndexed,EQ,S,characterization,12,MisIndexed,EQ-S-W02,True,0.8,five_repeat_mean_and_observation_coverage,,,acid_dissociation_fraction,0.014515825366484934,0.9166666666666666,0.03875,,
EQ-S-W02--MisIndexed,EQ,S,characterization,12,MisIndexed,EQ-S-W02,True,0.8,five_repeat_mean_and_observation_coverage,,,pH_normalized,0.008510898639758433,1.0,0.054000000000000006,,
EQ-S-W02--MisIndexed,EQ,S,characterization,12,MisIndexed,EQ-S-W02,True,0.8,five_repeat_mean_and_observation_coverage,,,precipitation_signal,0.0015452323637437082,1.0,0.022916666666666665,,
EQ-S-W03--Opaque,EQ,S,characterization,12,Opaque,EQ-S-W03,True,0.8,five_repeat_mean_and_observation_coverage,,,acid_dissociation_fraction,0.11437242323703443,0.8333333333333334,0.09808333333333334,,
EQ-S-W03--Opaque,EQ,S,characterization,12,Opaque,EQ-S-W03,True,0.8,five_repeat_mean_and_observation_coverage,,,pH_normalized,0.033414973673224456,0.5166666666666667,0.03474999999999999,,
EQ-S-W03--Opaque,EQ,S,characterization,12,Opaque,EQ-S-W03,True,0.8,five_repeat_mean_and_observation_coverage,,,precipitation_signal,0.008879799044229244,0.8333333333333334,0.021916666666666664,,
EQ-S-W03--Aligned,EQ,S,characterization,12,Aligned,EQ-S-W03,True,0.8,five_repeat_mean_and_observation_coverage,,,acid_dissociation_fraction,0.019610383382998406,0.8166666666666667,0.024916666666666667,,
EQ-S-W03--Aligned,EQ,S,characterization,12,Aligned,EQ-S-W03,True,0.8,five_repeat_mean_and_observation_coverage,,,pH_normalized,0.02926391279200713,0.8,0.047833333333333325,,
EQ-S-W03--Aligned,EQ,S,characterization,12,Aligned,EQ-S-W03,True,0.8,five_repeat_mean_and_observation_coverage,,,precipitation_signal,0.006261648794112261,0.9666666666666667,0.029833333333333333,,
EQ-S-W03--MisIndexed,EQ,S,characterization,12,MisIndexed,EQ-S-W03,True,0.8,five_repeat_mean_and_observation_coverage,,,acid_dissociation_fraction,0.004049143198809275,1.0,0.035083333333333334,,
EQ-S-W03--MisIndexed,EQ,S,characterization,12,MisIndexed,EQ-S-W03,True,0.8,five_repeat_mean_and_observation_coverage,,,pH_normalized,0.03409483413994313,0.5666666666666667,0.044333333333333336,,
EQ-S-W03--MisIndexed,EQ,S,characterization,12,MisIndexed,EQ-S-W03,True,0.8,five_repeat_mean_and_observation_coverage,,,precipitation_signal,0.0021638071187360533,1.0,0.02633333333333333,,
EQ-S-W04--Opaque,EQ,S,characterization,12,Opaque,EQ-S-W04,True,0.8,five_repeat_mean_and_observation_coverage,,,acid_dissociation_fraction,0.007553458551328125,0.9166666666666666,0.026166666666666668,,
EQ-S-W04--Opaque,EQ,S,characterization,12,Opaque,EQ-S-W04,True,0.8,five_repeat_mean_and_observation_coverage,,,pH_normalized,0.004945226177573207,0.8666666666666667,0.01908333333333333,,
EQ-S-W04--Opaque,EQ,S,characterization,12,Opaque,EQ-S-W04,True,0.8,five_repeat_mean_and_observation_coverage,,,precipitation_signal,0.0011926262047199999,0.9666666666666667,0.013333333333333334,,
EQ-S-W04--Aligned,EQ,S,characterization,12,Aligned,EQ-S-W04,True,0.8,five_repeat_mean_and_observation_coverage,,,acid_dissociation_fraction,0.08208086200144317,0.13333333333333333,0.0875,,
EQ-S-W04--Aligned,EQ,S,characterization,12,Aligned,EQ-S-W04,True,0.8,five_repeat_mean_and_observation_coverage,,,pH_normalized,0.022568870167930927,0.4666666666666667,0.03483333333333334,,
EQ-S-W04--Aligned,EQ,S,characterization,12,Aligned,EQ-S-W04,True,0.8,five_repeat_mean_and_observation_coverage,,,precipitation_signal,0.0034387145803678625,0.85,0.008166666666666666,,
EQ-S-W04--MisIndexed,EQ,S,characterization,12,MisIndexed,EQ-S-W04,True,0.8,five_repeat_mean_and_observation_coverage,,,acid_dissociation_fraction,0.010566747897231834,0.8833333333333333,0.019000000000000003,,
EQ-S-W04--MisIndexed,EQ,S,characterization,12,MisIndexed,EQ-S-W04,True,0.8,five_repeat_mean_and_observation_coverage,,,pH_normalized,0.005244200244545937,0.9166666666666666,0.024666666666666667,,
EQ-S-W04--MisIndexed,EQ,S,characterization,12,MisIndexed,EQ-S-W04,True,0.8,five_repeat_mean_and_observation_coverage,,,precipitation_signal,0.0020165202596593495,0.9666666666666667,0.017416666666666667,,
EQ-S-W05--Opaque,EQ,S,characterization,12,Opaque,EQ-S-W05,True,0.8,five_repeat_mean_and_observation_coverage,,,acid_dissociation_fraction,0.0029659267348858226,0.9666666666666667,0.04616666666666667,,
EQ-S-W05--Opaque,EQ,S,characterization,12,Opaque,EQ-S-W05,True,0.8,five_repeat_mean_and_observation_coverage,,,pH_normalized,0.0012576481252908715,0.9833333333333333,0.036333333333333336,,
EQ-S-W05--Opaque,EQ,S,characterization,12,Opaque,EQ-S-W05,True,0.8,five_repeat_mean_and_observation_coverage,,,precipitation_signal,0.0019535479975456844,0.9833333333333333,0.017916666666666668,,
EQ-S-W05--Aligned,EQ,S,characterization,12,Aligned,EQ-S-W05,True,0.8,five_repeat_mean_and_observation_coverage,,,acid_dissociation_fraction,0.002305152087689688,0.9666666666666667,0.03333333333333333,,
EQ-S-W05--Aligned,EQ,S,characterization,12,Aligned,EQ-S-W05,True,0.8,five_repeat_mean_and_observation_coverage,,,pH_normalized,0.03812322567403315,0.5333333333333333,0.04808333333333333,,
EQ-S-W05--Aligned,EQ,S,characterization,12,Aligned,EQ-S-W05,True,0.8,five_repeat_mean_and_observation_coverage,,,precipitation_signal,0.0037282850321595715,0.9666666666666667,0.03183333333333333,,
EQ-S-W05--MisIndexed,EQ,S,characterization,12,MisIndexed,EQ-S-W05,True,0.8,five_repeat_mean_and_observation_coverage,,,acid_dissociation_fraction,0.01294290871429257,0.75,0.019166666666666665,,
EQ-S-W05--MisIndexed,EQ,S,characterization,12,MisIndexed,EQ-S-W05,True,0.8,five_repeat_mean_and_observation_coverage,,,pH_normalized,0.03515421968201795,0.48333333333333334,0.022249999999999992,,
EQ-S-W05--MisIndexed,EQ,S,characterization,12,MisIndexed,EQ-S-W05,True,0.8,five_repeat_mean_and_observation_coverage,,,precipitation_signal,0.003631796162410562,1.0,0.01975,,
C-W01-B12-E-Opaque,C,E,delivery,12,Opaque,C-W01,True,0.8,noiseless_pre_sampling,0.4866395592689514,,crystal_fines_fraction,0.23467824748431318,0.4166666666666667,0.3125,1,
C-W01-B12-E-Opaque,C,E,delivery,12,Opaque,C-W01,True,0.8,noiseless_pre_sampling,0.4866395592689514,,crystal_purity,0.01355258253847443,1.0,0.08333333333333333,1,
C-W01-B12-E-Opaque,C,E,delivery,12,Opaque,C-W01,True,0.8,noiseless_pre_sampling,0.4866395592689514,,crystal_size,0.028933429136757043,0.9166666666666666,0.09499999999999999,1,
C-W01-B12-E-Opaque,C,E,delivery,12,Opaque,C-W01,True,0.8,noiseless_pre_sampling,0.4866395592689514,,crystal_yield,0.08488591451837886,0.8333333333333334,0.22375,1,
C-W01-B12-E-Aligned,C,E,delivery,12,Aligned,C-W01,True,0.8,noiseless_pre_sampling,0.4841126799583435,,crystal_fines_fraction,0.2665231404124548,0.4166666666666667,0.3458333333333334,1,
C-W01-B12-E-Aligned,C,E,delivery,12,Aligned,C-W01,True,0.8,noiseless_pre_sampling,0.4841126799583435,,crystal_purity,0.09830845573240676,0.08333333333333333,0.21583333333333332,1,
C-W01-B12-E-Aligned,C,E,delivery,12,Aligned,C-W01,True,0.8,noiseless_pre_sampling,0.4841126799583435,,crystal_size,0.029350095803423706,0.9166666666666666,0.13375,1,
C-W01-B12-E-Aligned,C,E,delivery,12,Aligned,C-W01,True,0.8,noiseless_pre_sampling,0.4841126799583435,,crystal_yield,0.04601898223189693,1.0,0.2808333333333333,1,
C-W01-B12-E-MisIndexed,C,E,delivery,12,MisIndexed,C-W01,True,0.8,noiseless_pre_sampling,0.5316279530525208,,crystal_fines_fraction,0.2032516923244607,0.3333333333333333,0.3125,1,
C-W01-B12-E-MisIndexed,C,E,delivery,12,MisIndexed,C-W01,True,0.8,noiseless_pre_sampling,0.5316279530525208,,crystal_purity,0.10414178906574012,0.08333333333333333,0.1475,1,
C-W01-B12-E-MisIndexed,C,E,delivery,12,MisIndexed,C-W01,True,0.8,noiseless_pre_sampling,0.5316279530525208,,crystal_size,0.021225333923483834,0.9166666666666666,0.06225,1,
C-W01-B12-E-MisIndexed,C,E,delivery,12,MisIndexed,C-W01,True,0.8,noiseless_pre_sampling,0.5316279530525208,,crystal_yield,0.056852315565230266,0.9166666666666666,0.21,1,
C-W01-B24-E-Opaque,C,E,delivery,24,Opaque,C-W01,True,0.8,noiseless_pre_sampling,0.5037245154380798,,crystal_fines_fraction,0.17760649413691723,0.5833333333333334,0.3933333333333333,0,
C-W01-B24-E-Opaque,C,E,delivery,24,Opaque,C-W01,True,0.8,noiseless_pre_sampling,0.5037245154380798,,crystal_purity,0.017730203888803548,0.9166666666666666,0.07408333333333335,0,
C-W01-B24-E-Opaque,C,E,delivery,24,Opaque,C-W01,True,0.8,noiseless_pre_sampling,0.5037245154380798,,crystal_size,0.04224457412759228,0.5833333333333334,0.12666666666666668,0,
C-W01-B24-E-Opaque,C,E,delivery,24,Opaque,C-W01,True,0.8,noiseless_pre_sampling,0.5037245154380798,,crystal_yield,0.14363591451837884,0.3333333333333333,0.1998333333333333,0,
C-W01-B24-E-Aligned,C,E,delivery,24,Aligned,C-W01,True,0.8,noiseless_pre_sampling,0.525333046913147,,crystal_fines_fraction,0.2798564737457881,0.4166666666666667,0.38083333333333336,1,
C-W01-B24-E-Aligned,C,E,delivery,24,Aligned,C-W01,True,0.8,noiseless_pre_sampling,0.525333046913147,,crystal_purity,0.01495183626485703,1.0,0.08749999999999998,1,
C-W01-B24-E-Aligned,C,E,delivery,24,Aligned,C-W01,True,0.8,noiseless_pre_sampling,0.525333046913147,,crystal_size,0.05557790746092561,0.6666666666666666,0.14708333333333334,1,
C-W01-B24-E-Aligned,C,E,delivery,24,Aligned,C-W01,True,0.8,noiseless_pre_sampling,0.525333046913147,,crystal_yield,0.055185648898563595,0.8333333333333334,0.21833333333333335,1,
C-W01-B24-E-MisIndexed,C,E,delivery,24,MisIndexed,C-W01,True,0.8,noiseless_pre_sampling,0.5983132123947144,,crystal_fines_fraction,0.27134491415097983,0.4166666666666667,0.3216666666666667,1,
C-W01-B24-E-MisIndexed,C,E,delivery,24,MisIndexed,C-W01,True,0.8,noiseless_pre_sampling,0.5983132123947144,,crystal_purity,0.09497512239907345,0.08333333333333333,0.17416666666666666,1,
C-W01-B24-E-MisIndexed,C,E,delivery,24,MisIndexed,C-W01,True,0.8,noiseless_pre_sampling,0.5983132123947144,,crystal_size,0.1618279074609256,0.16666666666666666,0.24250000000000002,1,
C-W01-B24-E-MisIndexed,C,E,delivery,24,MisIndexed,C-W01,True,0.8,noiseless_pre_sampling,0.5983132123947144,,crystal_yield,0.0997612921202151,0.75,0.21333333333333335,1,
C-W02-B24-E-Aligned,C,E,delivery,24,Aligned,C-W02,True,0.8,noiseless_pre_sampling,0.4195736348628998,,crystal_fines_fraction,0.26955962519063553,0.4166666666666667,0.30916666666666665,0,
C-W02-B24-E-Aligned,C,E,delivery,24,Aligned,C-W02,True,0.8,noiseless_pre_sampling,0.4195736348628998,,crystal_purity,0.03848990262572514,0.75,0.10833333333333332,0,
C-W02-B24-E-Aligned,C,E,delivery,24,Aligned,C-W02,True,0.8,noiseless_pre_sampling,0.4195736348628998,,crystal_size,0.01631284277782266,0.8333333333333334,0.09249999999999999,0,
C-W02-B24-E-Aligned,C,E,delivery,24,Aligned,C-W02,True,0.8,noiseless_pre_sampling,0.4195736348628998,,crystal_yield,0.05426107851815112,0.9166666666666666,0.19083333333333333,0,
C-W02-B24-E-MisIndexed,C,E,delivery,24,MisIndexed,C-W02,True,0.8,noiseless_pre_sampling,0.5299320816993713,,crystal_fines_fraction,0.28666959351653204,0.5,0.3325,1,
C-W02-B24-E-MisIndexed,C,E,delivery,24,MisIndexed,C-W02,True,0.8,noiseless_pre_sampling,0.5299320816993713,,crystal_purity,0.038073235959058475,0.75,0.11833333333333333,1,
C-W02-B24-E-MisIndexed,C,E,delivery,24,MisIndexed,C-W02,True,0.8,noiseless_pre_sampling,0.5299320816993713,,crystal_size,0.13332695326990782,0.16666666666666666,0.23750000000000002,1,
C-W02-B24-E-MisIndexed,C,E,delivery,24,MisIndexed,C-W02,True,0.8,noiseless_pre_sampling,0.5299320816993713,,crystal_yield,0.09092825683582134,0.8333333333333334,0.25625000000000003,1,
C-W02-B24-E-Opaque,C,E,delivery,24,Opaque,C-W02,True,0.8,noiseless_pre_sampling,0.5502532720565796,,crystal_fines_fraction,0.13532456313270644,0.75,0.31583333333333335,0,
C-W02-B24-E-Opaque,C,E,delivery,24,Opaque,C-W02,True,0.8,noiseless_pre_sampling,0.5502532720565796,,crystal_purity,0.030156569292391817,1.0,0.10166666666666664,0,
C-W02-B24-E-Opaque,C,E,delivery,24,Opaque,C-W02,True,0.8,noiseless_pre_sampling,0.5502532720565796,,crystal_size,0.03042999945291951,0.9166666666666666,0.12416666666666666,0,
C-W02-B24-E-Opaque,C,E,delivery,24,Opaque,C-W02,True,0.8,noiseless_pre_sampling,0.5502532720565796,,crystal_yield,0.11634492350248803,0.4166666666666667,0.24083333333333334,0,
C-W02-B12-E-Aligned,C,E,delivery,12,Aligned,C-W02,True,0.8,noiseless_pre_sampling,0.5846945643424988,,crystal_fines_fraction,0.25267769272206225,0.5,0.27666666666666667,1,
C-W02-B12-E-Aligned,C,E,delivery,12,Aligned,C-W02,True,0.8,noiseless_pre_sampling,0.5846945643424988,,crystal_purity,0.03515656929239181,0.9166666666666666,0.11416666666666665,1,
C-W02-B12-E-Aligned,C,E,delivery,12,Aligned,C-W02,True,0.8,noiseless_pre_sampling,0.5846945643424988,,crystal_size,0.041660286603241135,0.8333333333333334,0.11,1,
C-W02-B12-E-Aligned,C,E,delivery,12,Aligned,C-W02,True,0.8,noiseless_pre_sampling,0.5846945643424988,,crystal_yield,0.04015630576676812,0.9166666666666666,0.2725,1,
C-W02-B12-E-MisIndexed,C,E,delivery,12,MisIndexed,C-W02,True,0.8,noiseless_pre_sampling,0.0009122402989305556,,crystal_fines_fraction,0.3794912297993731,0.5,0.4633333333333334,1,
C-W02-B12-E-MisIndexed,C,E,delivery,12,MisIndexed,C-W02,True,0.8,noiseless_pre_sampling,0.0009122402989305556,,crystal_purity,0.04265656929239181,0.75,0.12333333333333334,1,
C-W02-B12-E-MisIndexed,C,E,delivery,12,MisIndexed,C-W02,True,0.8,noiseless_pre_sampling,0.0009122402989305556,,crystal_size,0.09916028660324112,0.3333333333333333,0.19666666666666666,1,
C-W02-B12-E-MisIndexed,C,E,delivery,12,MisIndexed,C-W02,True,0.8,noiseless_pre_sampling,0.0009122402989305556,,crystal_yield,0.17649450100584205,0.3333333333333333,0.27458333333333335,1,
C-W02-B12-E-Opaque,C,E,delivery,12,Opaque,C-W02,False,0.8,noiseless_pre_sampling,0.0009122402989305556,,crystal_fines_fraction,0.37833626018319877,0.25,0.3625,1,
C-W02-B12-E-Opaque,C,E,delivery,12,Opaque,C-W02,False,0.8,noiseless_pre_sampling,0.0009122402989305556,,crystal_purity,0.01432323595905848,0.9166666666666666,0.0880833333333333,1,
C-W02-B12-E-Opaque,C,E,delivery,12,Opaque,C-W02,False,0.8,noiseless_pre_sampling,0.0009122402989305556,,crystal_size,0.17666028660324115,0.25,0.24666666666666667,1,
C-W02-B12-E-Opaque,C,E,delivery,12,Opaque,C-W02,False,0.8,noiseless_pre_sampling,0.0009122402989305556,,crystal_yield,0.3813063949211257,0.16666666666666666,0.259,1,
C-W03-B12-E-MisIndexed,C,E,delivery,12,MisIndexed,C-W03,True,0.8,noiseless_pre_sampling,0.5393956899642944,,crystal_fines_fraction,0.2945378487858927,0.4166666666666667,0.24666666666666667,1,
C-W03-B12-E-MisIndexed,C,E,delivery,12,MisIndexed,C-W03,True,0.8,noiseless_pre_sampling,0.5393956899642944,,crystal_purity,0.08709582857158808,0.16666666666666666,0.1433333333333333,1,
C-W03-B12-E-MisIndexed,C,E,delivery,12,MisIndexed,C-W03,True,0.8,noiseless_pre_sampling,0.5393956899642944,,crystal_size,0.024528176707569533,0.8333333333333334,0.08283333333333333,1,
C-W03-B12-E-MisIndexed,C,E,delivery,12,MisIndexed,C-W03,True,0.8,noiseless_pre_sampling,0.5393956899642944,,crystal_yield,0.0547456547352344,0.8333333333333334,0.21416666666666664,1,
C-W03-B12-E-Opaque,C,E,delivery,12,Opaque,C-W03,True,0.8,noiseless_pre_sampling,0.47891488671302795,,crystal_fines_fraction,0.4571838070079078,0.0,0.27999999999999997,1,
C-W03-B12-E-Opaque,C,E,delivery,12,Opaque,C-W03,True,0.8,noiseless_pre_sampling,0.47891488671302795,,crystal_purity,0.00590793581992959,1.0,0.05741666666666668,1,
C-W03-B12-E-Opaque,C,E,delivery,12,Opaque,C-W03,True,0.8,noiseless_pre_sampling,0.47891488671302795,,crystal_size,0.09448436583478936,0.3333333333333333,0.17250000000000001,1,
C-W03-B12-E-Opaque,C,E,delivery,12,Opaque,C-W03,True,0.8,noiseless_pre_sampling,0.47891488671302795,,crystal_yield,0.06159647514240799,0.8333333333333334,0.17416666666666666,1,
C-W03-B12-E-Aligned,C,E,delivery,12,Aligned,C-W03,True,0.8,noiseless_pre_sampling,0.48992788791656494,,crystal_fines_fraction,0.225371182119226,0.5833333333333334,0.28,1,
C-W03-B12-E-Aligned,C,E,delivery,12,Aligned,C-W03,True,0.8,noiseless_pre_sampling,0.48992788791656494,,crystal_purity,0.033762495238254774,0.8333333333333334,0.09916666666666667,1,
C-W03-B12-E-Aligned,C,E,delivery,12,Aligned,C-W03,True,0.8,noiseless_pre_sampling,0.48992788791656494,,crystal_size,0.07401839879782503,0.4166666666666667,0.15625,1,
C-W03-B12-E-Aligned,C,E,delivery,12,Aligned,C-W03,True,0.8,noiseless_pre_sampling,0.48992788791656494,,crystal_yield,0.040906950686184086,0.8333333333333334,0.16916666666666666,1,
C-W03-B24-E-MisIndexed,C,E,delivery,24,MisIndexed,C-W03,True,0.8,noiseless_pre_sampling,0.31727439165115356,,crystal_fines_fraction,0.35388008949525923,0.4166666666666667,0.3725,1,
C-W03-B24-E-MisIndexed,C,E,delivery,24,MisIndexed,C-W03,True,0.8,noiseless_pre_sampling,0.31727439165115356,,crystal_purity,0.009595828571588092,1.0,0.07916666666666662,1,
C-W03-B24-E-MisIndexed,C,E,delivery,24,MisIndexed,C-W03,True,0.8,noiseless_pre_sampling,0.31727439165115356,,crystal_size,0.0699491122533999,0.6666666666666666,0.17316666666666666,1,
C-W03-B24-E-MisIndexed,C,E,delivery,24,MisIndexed,C-W03,True,0.8,noiseless_pre_sampling,0.31727439165115356,,crystal_yield,0.0604657648898729,0.8333333333333334,0.2520833333333333,1,
C-W03-B24-E-Opaque,C,E,delivery,24,Opaque,C-W03,True,0.8,noiseless_pre_sampling,0.4233444035053253,,crystal_fines_fraction,0.28577363791099286,0.4166666666666667,0.38999999999999996,1,
C-W03-B24-E-Opaque,C,E,delivery,24,Opaque,C-W03,True,0.8,noiseless_pre_sampling,0.4233444035053253,,crystal_purity,0.02887779145776695,0.8333333333333334,0.1083333333333333,1,
C-W03-B24-E-Opaque,C,E,delivery,24,Opaque,C-W03,True,0.8,noiseless_pre_sampling,0.4233444035053253,,crystal_size,0.028601302385732028,0.75,0.09583333333333333,1,
C-W03-B24-E-Opaque,C,E,delivery,24,Opaque,C-W03,True,0.8,noiseless_pre_sampling,0.4233444035053253,,crystal_yield,0.0871435918491909,0.75,0.22916666666666666,1,
C-W03-B24-E-Aligned,C,E,delivery,24,Aligned,C-W03,True,0.8,noiseless_pre_sampling,0.4572509527206421,,crystal_fines_fraction,0.2839914056603944,0.5,0.305,1,
C-W03-B24-E-Aligned,C,E,delivery,24,Aligned,C-W03,True,0.8,noiseless_pre_sampling,0.4572509527206421,,crystal_purity,0.06459582857158806,0.6666666666666666,0.16416666666666666,1,
C-W03-B24-E-Aligned,C,E,delivery,24,Aligned,C-W03,True,0.8,noiseless_pre_sampling,0.4572509527206421,,crystal_size,0.10615103250145604,0.25,0.17041666666666666,1,
C-W03-B24-E-Aligned,C,E,delivery,24,Aligned,C-W03,True,0.8,noiseless_pre_sampling,0.4572509527206421,,crystal_yield,0.11797692518252424,0.4166666666666667,0.24400000000000002,1,
C-W04-B24-E-Opaque,C,E,delivery,24,Opaque,C-W04,True,0.8,noiseless_pre_sampling,0.0009122402989305556,,crystal_fines_fraction,0.3319746516528496,0.4166666666666667,0.37083333333333335,1,
C-W04-B24-E-Opaque,C,E,delivery,24,Opaque,C-W04,True,0.8,noiseless_pre_sampling,0.0009122402989305556,,crystal_purity,0.010937463966099589,1.0,0.07616666666666669,1,
C-W04-B24-E-Opaque,C,E,delivery,24,Opaque,C-W04,True,0.8,noiseless_pre_sampling,0.0009122402989305556,,crystal_size,0.17244648882280852,0.3333333333333333,0.25333333333333335,1,
C-W04-B24-E-Opaque,C,E,delivery,24,Opaque,C-W04,True,0.8,noiseless_pre_sampling,0.0009122402989305556,,crystal_yield,0.06985820868607119,0.75,0.22108333333333333,1,
C-W04-B24-E-Aligned,C,E,delivery,24,Aligned,C-W04,True,0.8,noiseless_pre_sampling,0.41210493445396423,,crystal_fines_fraction,0.23950229100791173,0.25,0.3325,1,
C-W04-B24-E-Aligned,C,E,delivery,24,Aligned,C-W04,True,0.8,noiseless_pre_sampling,0.41210493445396423,,crystal_purity,0.01630575854052657,1.0,0.08124999999999998,1,
C-W04-B24-E-Aligned,C,E,delivery,24,Aligned,C-W04,True,0.8,noiseless_pre_sampling,0.41210493445396423,,crystal_size,0.014674039167686038,0.9166666666666666,0.07016666666666667,1,
C-W04-B24-E-Aligned,C,E,delivery,24,Aligned,C-W04,True,0.8,noiseless_pre_sampling,0.41210493445396423,,crystal_yield,0.05520360460569945,0.9166666666666666,0.18083333333333332,1,
C-W04-B24-E-MisIndexed,C,E,delivery,24,MisIndexed,C-W04,True,0.8,noiseless_pre_sampling,0.0009122402989305556,,crystal_fines_fraction,0.34795634562215194,0.4166666666666667,0.35833333333333334,1,
C-W04-B24-E-MisIndexed,C,E,delivery,24,MisIndexed,C-W04,True,0.8,noiseless_pre_sampling,0.0009122402989305556,,crystal_purity,0.08001327696848727,0.3333333333333333,0.1558333333333333,1,
C-W04-B24-E-MisIndexed,C,E,delivery,24,MisIndexed,C-W04,True,0.8,noiseless_pre_sampling,0.0009122402989305556,,crystal_size,0.1025218247152857,0.75,0.18916666666666668,1,
C-W04-B24-E-MisIndexed,C,E,delivery,24,MisIndexed,C-W04,True,0.8,noiseless_pre_sampling,0.0009122402989305556,,crystal_yield,0.060472482950404055,0.8333333333333334,0.21875,1,
C-W04-B12-E-Opaque,C,E,delivery,12,Opaque,C-W04,True,0.8,noiseless_pre_sampling,0.45127740502357483,,crystal_fines_fraction,0.2337896789554853,0.3333333333333333,0.31416666666666665,1,
C-W04-B12-E-Opaque,C,E,delivery,12,Opaque,C-W04,True,0.8,noiseless_pre_sampling,0.45127740502357483,,crystal_purity,0.007299288416987589,1.0,0.05283333333333335,1,
C-W04-B12-E-Opaque,C,E,delivery,12,Opaque,C-W04,True,0.8,noiseless_pre_sampling,0.45127740502357483,,crystal_size,0.031518066028985485,1.0,0.09833333333333333,1,
C-W04-B12-E-Opaque,C,E,delivery,12,Opaque,C-W04,True,0.8,noiseless_pre_sampling,0.45127740502357483,,crystal_yield,0.1396483096175683,0.25,0.16833333333333333,1,
C-W04-B12-E-Aligned,C,E,delivery,12,Aligned,C-W04,True,0.8,noiseless_pre_sampling,0.46395403146743774,,crystal_fines_fraction,0.30795634562215196,0.4166666666666667,0.34249999999999997,0,
C-W04-B12-E-Aligned,C,E,delivery,12,Aligned,C-W04,True,0.8,noiseless_pre_sampling,0.46395403146743774,,crystal_purity,0.07001327696848725,0.16666666666666666,0.12749999999999997,0,
C-W04-B12-E-Aligned,C,E,delivery,12,Aligned,C-W04,True,0.8,noiseless_pre_sampling,0.46395403146743774,,crystal_size,0.05252182471528569,0.5,0.10833333333333334,0,
C-W04-B12-E-Aligned,C,E,delivery,12,Aligned,C-W04,True,0.8,noiseless_pre_sampling,0.46395403146743774,,crystal_yield,0.060394215282369317,0.6666666666666666,0.15583333333333332,0,
C-W04-B12-E-MisIndexed,C,E,delivery,12,MisIndexed,C-W04,True,0.8,noiseless_pre_sampling,0.43929407000541687,,crystal_fines_fraction,0.27782828339773996,0.4166666666666667,0.35000000000000003,1,
C-W04-B12-E-MisIndexed,C,E,delivery,12,MisIndexed,C-W04,True,0.8,noiseless_pre_sampling,0.43929407000541687,,crystal_purity,0.1070966103018206,0.16666666666666666,0.1875,1,
C-W04-B12-E-MisIndexed,C,E,delivery,12,MisIndexed,C-W04,True,0.8,noiseless_pre_sampling,0.43929407000541687,,crystal_size,0.028771824715285693,0.75,0.11083333333333334,1,
C-W04-B12-E-MisIndexed,C,E,delivery,12,MisIndexed,C-W04,True,0.8,noiseless_pre_sampling,0.43929407000541687,,crystal_yield,0.0647231885101606,0.8333333333333334,0.1775,1,
C-W05-B12-E-Aligned,C,E,delivery,12,Aligned,C-W05,True,0.8,noiseless_pre_sampling,0.5036022067070007,,crystal_fines_fraction,0.49554016786757865,0.0,0.3566666666666667,1,
C-W05-B12-E-Aligned,C,E,delivery,12,Aligned,C-W05,True,0.8,noiseless_pre_sampling,0.5036022067070007,,crystal_purity,0.011233569860902145,1.0,0.09041666666666666,1,
C-W05-B12-E-Aligned,C,E,delivery,12,Aligned,C-W05,True,0.8,noiseless_pre_sampling,0.5036022067070007,,crystal_size,0.1142912110049877,0.25,0.22833333333333336,1,
C-W05-B12-E-Aligned,C,E,delivery,12,Aligned,C-W05,True,0.8,noiseless_pre_sampling,0.5036022067070007,,crystal_yield,0.11527696677893468,0.75,0.24250000000000002,1,
C-W05-B12-E-MisIndexed,C,E,delivery,12,MisIndexed,C-W05,True,0.8,noiseless_pre_sampling,0.4014912545681,,crystal_fines_fraction,0.3072068345342453,0.5,0.3566666666666667,0,
C-W05-B12-E-MisIndexed,C,E,delivery,12,MisIndexed,C-W05,True,0.8,noiseless_pre_sampling,0.4014912545681,,crystal_purity,0.11733044883320133,0.0,0.17499999999999996,0,
C-W05-B12-E-MisIndexed,C,E,delivery,12,MisIndexed,C-W05,True,0.8,noiseless_pre_sampling,0.4014912545681,,crystal_size,0.18887454433832104,0.08333333333333333,0.26166666666666666,0,
C-W05-B12-E-MisIndexed,C,E,delivery,12,MisIndexed,C-W05,True,0.8,noiseless_pre_sampling,0.4014912545681,,crystal_yield,0.09333212096072756,0.6666666666666666,0.1729166666666667,0,
C-W05-B12-E-Opaque,C,E,delivery,12,Opaque,C-W05,True,0.8,noiseless_pre_sampling,0.451276570558548,,crystal_fines_fraction,0.3355401678675787,0.25,0.3408333333333333,0,
C-W05-B12-E-Opaque,C,E,delivery,12,Opaque,C-W05,True,0.8,noiseless_pre_sampling,0.451276570558548,,crystal_purity,0.006509769623227117,1.0,0.059000000000000025,0,
C-W05-B12-E-Opaque,C,E,delivery,12,Opaque,C-W05,True,0.8,noiseless_pre_sampling,0.451276570558548,,crystal_size,0.05671888595330369,0.25,0.10416666666666667,0,
C-W05-B12-E-Opaque,C,E,delivery,12,Opaque,C-W05,True,0.8,noiseless_pre_sampling,0.451276570558548,,crystal_yield,0.14863883591679258,0.3333333333333333,0.20166666666666666,0,
C-W05-B24-E-Aligned,C,E,delivery,24,Aligned,C-W05,True,0.8,noiseless_pre_sampling,0.5808473229408264,,crystal_fines_fraction,0.313930922261704,0.3333333333333333,0.43083333333333335,1,
C-W05-B24-E-Aligned,C,E,delivery,24,Aligned,C-W05,True,0.8,noiseless_pre_sampling,0.5808473229408264,,crystal_purity,0.06483044883320131,0.25,0.1770833333333333,1,
C-W05-B24-E-Aligned,C,E,delivery,24,Aligned,C-W05,True,0.8,noiseless_pre_sampling,0.5808473229408264,,crystal_size,0.027135552619970357,0.8333333333333334,0.11166666666666668,1,
C-W05-B24-E-Aligned,C,E,delivery,24,Aligned,C-W05,True,0.8,noiseless_pre_sampling,0.5808473229408264,,crystal_yield,0.05933212096072755,0.9166666666666666,0.24033333333333337,1,
C-W05-B24-E-MisIndexed,C,E,delivery,24,MisIndexed,C-W05,True,0.8,noiseless_pre_sampling,0.43060705065727234,,crystal_fines_fraction,0.262935839495325,0.3333333333333333,0.28250000000000003,1,
C-W05-B24-E-MisIndexed,C,E,delivery,24,MisIndexed,C-W05,True,0.8,noiseless_pre_sampling,0.43060705065727234,,crystal_purity,0.03133044883320133,0.5833333333333334,0.08799999999999997,1,
C-W05-B24-E-MisIndexed,C,E,delivery,24,MisIndexed,C-W05,True,0.8,noiseless_pre_sampling,0.43060705065727234,,crystal_size,0.043707877671654356,0.6666666666666666,0.09100000000000001,1,
C-W05-B24-E-MisIndexed,C,E,delivery,24,MisIndexed,C-W05,True,0.8,noiseless_pre_sampling,0.43060705065727234,,crystal_yield,0.0815442139550638,0.4166666666666667,0.16158333333333333,1,
C-W05-B24-E-Opaque,C,E,delivery,24,Opaque,C-W05,True,0.8,noiseless_pre_sampling,0.24050486087799072,,crystal_fines_fraction,0.20970683453424532,0.4166666666666667,0.3225,1,
C-W05-B24-E-Opaque,C,E,delivery,24,Opaque,C-W05,True,0.8,noiseless_pre_sampling,0.24050486087799072,,crystal_purity,0.011040099927469469,1.0,0.06916666666666668,1,
C-W05-B24-E-Opaque,C,E,delivery,24,Opaque,C-W05,True,0.8,noiseless_pre_sampling,0.24050486087799072,,crystal_size,0.009357785239309508,1.0,0.07458333333333333,1,
C-W05-B24-E-Opaque,C,E,delivery,24,Opaque,C-W05,True,0.8,noiseless_pre_sampling,0.24050486087799072,,crystal_yield,0.0383891991177219,0.8333333333333334,0.16,1,
P-W01-B12-E-Opaque,P,E,delivery,12,Opaque,P-W01,True,0.8,single_seeded_observation,0.008573850616812706,,purity,0.1895542593797048,0.5,0.46166666666666667,0,0.7194051146507263
P-W01-B12-E-Opaque,P,E,delivery,12,Opaque,P-W01,True,0.8,single_seeded_observation,0.008573850616812706,,recovery,0.04491417302240928,0.5,0.09075833333333333,0,0.7194051146507263
P-W01-B12-E-Aligned,P,E,delivery,12,Aligned,P-W01,True,0.8,single_seeded_observation,0.00872951652854681,,purity,0.19197821696599324,0.4166666666666667,0.4041666666666667,0,0.7352002859115601
P-W01-B12-E-Aligned,P,E,delivery,12,Aligned,P-W01,True,0.8,single_seeded_observation,0.00872951652854681,,recovery,0.048982285377879936,0.5,0.06983333333333333,0,0.7352002859115601
P-W01-B12-E-MisIndexed,P,E,delivery,12,MisIndexed,P-W01,True,0.8,single_seeded_observation,0.08255227655172348,,purity,0.13038759271303813,0.8333333333333334,0.39666666666666667,0,0.6331744194030762
P-W01-B12-E-MisIndexed,P,E,delivery,12,MisIndexed,P-W01,True,0.8,single_seeded_observation,0.08255227655172348,,recovery,0.026211617507040503,1,0.18566666666666667,0,0.6331744194030762
P-W02-B12-E-Opaque,P,E,delivery,12,Opaque,P-W02,True,0.8,single_seeded_observation,0.010216018185019493,,purity,0.15905755321184792,0.4166666666666667,0.39916666666666667,0,0.7991536259651184
P-W02-B12-E-Opaque,P,E,delivery,12,Opaque,P-W02,True,0.8,single_seeded_observation,0.010216018185019493,,recovery,0.09348062525937954,0.3333333333333333,0.09408333333333332,0,0.7991536259651184
P-W02-B12-E-Aligned,P,E,delivery,12,Aligned,P-W02,True,0.8,single_seeded_observation,0.051890917122364044,,purity,0.14495760122934978,0.8333333333333334,0.32166666666666666,1,0.8225493431091309
P-W02-B12-E-Aligned,P,E,delivery,12,Aligned,P-W02,True,0.8,single_seeded_observation,0.051890917122364044,,recovery,0.06481395859271288,0.6666666666666666,0.13741666666666666,1,0.8225493431091309
P-W02-B12-E-MisIndexed,P,E,delivery,12,MisIndexed,P-W02,True,0.8,single_seeded_observation,0.232249453663826,,purity,0.26246402343114217,0.25,0.40499999999999997,0,0.6092846393585205
P-W02-B12-E-MisIndexed,P,E,delivery,12,MisIndexed,P-W02,True,0.8,single_seeded_observation,0.232249453663826,,recovery,0.12793375457574924,0.08333333333333333,0.058750000000000004,0,0.6092846393585205
P-W03-B12-E-Opaque,P,E,delivery,12,Opaque,P-W03,True,0.8,single_seeded_observation,0.12181862443685532,,purity,0.14632764493425685,0.8333333333333334,0.4166666666666667,0,0.6461834907531738
P-W03-B12-E-Opaque,P,E,delivery,12,Opaque,P-W03,True,0.8,single_seeded_observation,0.12181862443685532,,recovery,0.053219839854786795,0.9166666666666666,0.15358333333333332,0,0.6461834907531738
P-W03-B12-E-Aligned,P,E,delivery,12,Aligned,P-W03,True,0.8,single_seeded_observation,0.001699217245914042,,purity,0.1590579846998056,0.5833333333333334,0.29083333333333333,1,0.8064388632774353
P-W03-B12-E-Aligned,P,E,delivery,12,Aligned,P-W03,True,0.8,single_seeded_observation,0.001699217245914042,,recovery,0.09604585926855604,0.08333333333333333,0.02825,1,0.8064388632774353
P-W03-B12-E-MisIndexed,P,E,delivery,12,MisIndexed,P-W03,True,0.8,single_seeded_observation,0.3809884786605835,,purity,0.3276693561176459,0.4166666666666667,0.4683333333333333,0,0.5723380446434021
P-W03-B12-E-MisIndexed,P,E,delivery,12,MisIndexed,P-W03,True,0.8,single_seeded_observation,0.3809884786605835,,recovery,0.07808752593522271,0.5833333333333334,0.09941666666666667,0,0.5723380446434021
P-W04-B12-E-Opaque,P,E,delivery,12,Opaque,P-W04,True,0.8,single_seeded_observation,0.24625951051712036,,purity,0.3357968089481195,0.4166666666666667,0.3208333333333333,0,0.6154771447181702
P-W04-B12-E-Opaque,P,E,delivery,12,Opaque,P-W04,True,0.8,single_seeded_observation,0.24625951051712036,,recovery,0.04345577077443401,0.5833333333333334,0.07375000000000001,0,0.6154771447181702
P-W04-B12-E-Aligned,P,E,delivery,12,Aligned,P-W04,True,0.8,single_seeded_observation,0.09598319977521896,,purity,0.2523264737427235,0.3333333333333333,0.4558333333333333,0,0.5851725339889526
P-W04-B12-E-Aligned,P,E,delivery,12,Aligned,P-W04,True,0.8,single_seeded_observation,0.09598319977521896,,recovery,0.04495577077443401,0.8333333333333334,0.13191666666666665,0,0.5851725339889526
P-W04-B12-E-MisIndexed,P,E,delivery,12,MisIndexed,P-W04,True,0.8,single_seeded_observation,0.44824784994125366,,purity,0.4015770299732685,0.4166666666666667,0.42666666666666664,0,0.5873496532440186
P-W04-B12-E-MisIndexed,P,E,delivery,12,MisIndexed,P-W04,True,0.8,single_seeded_observation,0.44824784994125366,,recovery,0.07005141344194611,0.08333333333333333,0.049999999999999996,0,0.5873496532440186
P-W05-B12-E-Opaque,P,E,delivery,12,Opaque,P-W05,False,0.8,single_seeded_observation,0.23177911341190338,,purity,0.2890620834628741,0.4166666666666667,0.445,0,0.6243409514427185
P-W05-B12-E-Opaque,P,E,delivery,12,Opaque,P-W05,False,0.8,single_seeded_observation,0.23177911341190338,,recovery,0.09880212861299514,0.5,0.1255,0,0.6243409514427185
P-W05-B12-E-Aligned,P,E,delivery,12,Aligned,P-W05,True,0.8,single_seeded_observation,0.06445496529340744,,purity,0.1931647738814354,0.5,0.38,1,0.8074643015861511
P-W05-B12-E-Aligned,P,E,delivery,12,Aligned,P-W05,True,0.8,single_seeded_observation,0.06445496529340744,,recovery,0.08846879527966181,0.5,0.1345,1,0.8074643015861511
P-W05-B12-E-MisIndexed,P,E,delivery,12,MisIndexed,P-W05,True,0.8,single_seeded_observation,0.4612099230289459,,purity,0.13180121392011643,0.5833333333333334,0.20833333333333337,0,0.6765070557594299
P-W05-B12-E-MisIndexed,P,E,delivery,12,MisIndexed,P-W05,True,0.8,single_seeded_observation,0.4612099230289459,,recovery,0.061260016024112705,0.9166666666666666,0.17625,0,0.6765070557594299
