{
  "passed": true,
  "samples_per_seed": 12,
  "schema_version": "chemworld-response-surface-audit-0.1",
  "task_ids": [
    "partition-discovery",
    "reaction-to-crystallization",
    "reaction-to-distillation",
    "flow-reaction-optimization",
    "electrochemical-conversion",
    "equilibrium-characterization"
  ],
  "tasks": {
    "electrochemical-conversion": {
      "approximate_oracle_score": 0.819244310478175,
      "final_assay_count": 60,
      "invalid_step_count": 0,
      "primary_metric": "electrochemical_selectivity",
      "primary_metric_distribution": {
        "count": 60,
        "maximum": 0.9093981981277466,
        "mean": 0.8366155316432317,
        "median": 0.8467119038105011,
        "minimum": 0.7265641093254089,
        "q25": 0.794755294919014,
        "q75": 0.8799989074468613,
        "spread": 0.18283408880233765,
        "std": 0.05546710529210989
      },
      "sample_count": 60,
      "samples_per_seed": 12,
      "score": {
        "count": 60,
        "maximum": 0.819244310478175,
        "mean": 0.4935287805371608,
        "median": 0.48386928459807965,
        "minimum": 0.34615747945005837,
        "q25": 0.4569011345359818,
        "q75": 0.5156852165131114,
        "spread": 0.47308683102811666,
        "std": 0.07789506728130123
      },
      "seeds": [
        0,
        1,
        2,
        3,
        4
      ],
      "task_contract_hash": "c00666ffaa02b2d17a9b5c8d486d8e807502b85db293521fc09fe2cb2206d5bb"
    },
    "equilibrium-characterization": {
      "approximate_oracle_score": 0.3159744253163029,
      "final_assay_count": 60,
      "invalid_step_count": 0,
      "primary_metric": "equilibrium_confidence",
      "primary_metric_distribution": {
        "count": 60,
        "maximum": 0.5674842596054077,
        "mean": 0.39994627187649406,
        "median": 0.3722715228796005,
        "minimum": 0.36765411496162415,
        "q25": 0.36890725791454315,
        "q75": 0.4223735108971596,
        "spread": 0.19983014464378357,
        "std": 0.052490133912417046
      },
      "sample_count": 60,
      "samples_per_seed": 12,
      "score": {
        "count": 60,
        "maximum": 0.3159744253163029,
        "mean": 0.24165102766984273,
        "median": 0.22901431373051842,
        "minimum": 0.22284894770510225,
        "q25": 0.22792540151860297,
        "q75": 0.25247591946447767,
        "spread": 0.09312547761120063,
        "std": 0.023920018597626335
      },
      "seeds": [
        0,
        1,
        2,
        3,
        4
      ],
      "task_contract_hash": "a4ac08cff7eab9bf7c37c10dc08ed4ef133a39801afe12f7efa2a1e2a886fca3"
    },
    "flow-reaction-optimization": {
      "approximate_oracle_score": 0.07993182750487894,
      "final_assay_count": 60,
      "invalid_step_count": 0,
      "primary_metric": "flow_conversion",
      "primary_metric_distribution": {
        "count": 60,
        "maximum": 0.10529933124780655,
        "mean": 0.024085057301757237,
        "median": 0.019003035500645638,
        "minimum": 0.0,
        "q25": 0.0,
        "q75": 0.03658385016024113,
        "spread": 0.10529933124780655,
        "std": 0.024557165700547338
      },
      "sample_count": 60,
      "samples_per_seed": 12,
      "score": {
        "count": 60,
        "maximum": 0.07993182750487894,
        "mean": 0.02446203669295067,
        "median": 0.018522385033276873,
        "minimum": 0.0,
        "q25": 0.006941593171137015,
        "q75": 0.03756986369741566,
        "spread": 0.07993182750487894,
        "std": 0.02224987004414276
      },
      "seeds": [
        0,
        1,
        2,
        3,
        4
      ],
      "task_contract_hash": "527a226016ba153b1c60ce0db476e47f1b7c47cc1498bbdd93bed5d663fa4e86"
    },
    "partition-discovery": {
      "approximate_oracle_score": 0.686704259295808,
      "final_assay_count": 60,
      "invalid_step_count": 0,
      "primary_metric": "product_in_organic",
      "primary_metric_distribution": {
        "count": 60,
        "maximum": 0.8419678211212158,
        "mean": 0.663528534770012,
        "median": 0.6751141846179962,
        "minimum": 0.257961243391037,
        "q25": 0.5958118736743927,
        "q75": 0.7500446736812592,
        "spread": 0.5840065777301788,
        "std": 0.12052618564645842
      },
      "sample_count": 60,
      "samples_per_seed": 12,
      "score": {
        "count": 60,
        "maximum": 0.686704259295808,
        "mean": 0.5265194103897513,
        "median": 0.536154681142011,
        "minimum": 0.22412826426495208,
        "q25": 0.4688516046315818,
        "q75": 0.5870592997333525,
        "spread": 0.46257599503085595,
        "std": 0.08749091406565336
      },
      "seeds": [
        0,
        1,
        2,
        3,
        4
      ],
      "task_contract_hash": "d05e2a9dfa77f8c843a6543779febb17bd8d4b3c563947afe7a02d28e25f83fc"
    },
    "reaction-to-crystallization": {
      "approximate_oracle_score": 0.6025368051785108,
      "final_assay_count": 60,
      "invalid_step_count": 0,
      "primary_metric": "crystal_yield",
      "primary_metric_distribution": {
        "count": 60,
        "maximum": 0.8466197848320007,
        "mean": 0.5857879078636566,
        "median": 0.6262610852718353,
        "minimum": 0.07008612155914307,
        "q25": 0.4395703375339508,
        "q75": 0.7515363693237305,
        "spread": 0.7765336632728577,
        "std": 0.20170072078625242
      },
      "sample_count": 60,
      "samples_per_seed": 12,
      "score": {
        "count": 60,
        "maximum": 0.6025368051785108,
        "mean": 0.48763062957223274,
        "median": 0.49010398033000446,
        "minimum": 0.2981240619406407,
        "q25": 0.4514204914121708,
        "q75": 0.5271227371406035,
        "spread": 0.3044127432378701,
        "std": 0.06786754814198379
      },
      "seeds": [
        0,
        1,
        2,
        3,
        4
      ],
      "task_contract_hash": "4fed9ffd7c693867cd3057e81d798bb56e9b90cf79c6410135558d3770ec5307"
    },
    "reaction-to-distillation": {
      "approximate_oracle_score": 0.3786643660066322,
      "final_assay_count": 60,
      "invalid_step_count": 0,
      "primary_metric": "distillate_purity",
      "primary_metric_distribution": {
        "count": 60,
        "maximum": 0.3626464307308197,
        "mean": 0.14333474488618472,
        "median": 0.14201828837394714,
        "minimum": 0.0087526710703969,
        "q25": 0.06158350966870785,
        "q75": 0.19708221778273582,
        "spread": 0.3538937596604228,
        "std": 0.08626020660127659
      },
      "sample_count": 60,
      "samples_per_seed": 12,
      "score": {
        "count": 60,
        "maximum": 0.3786643660066322,
        "mean": 0.2037859054904328,
        "median": 0.20201442944706166,
        "minimum": 0.10401286143670699,
        "q25": 0.15365570448652163,
        "q75": 0.24009138370496463,
        "spread": 0.27465150456992526,
        "std": 0.05972898832039166
      },
      "seeds": [
        0,
        1,
        2,
        3,
        4
      ],
      "task_contract_hash": "d9fc1b09d21f746af8e238979a8561d4e9a5a12491d4366e3af3f73e234d5fd5"
    }
  }
}
